ISO-10303-21;
HEADER;
FILE_DESCRIPTION (( 'STEP AP214' ),
    '1' );
FILE_NAME ('×°ÅäÌå1.STEP',
    '2026-01-10T05:15:12',
    ( '' ),
    ( '' ),
    'SwSTEP 2.0',
    'SolidWorks 2024',
    '' );
FILE_SCHEMA (( 'AUTOMOTIVE_DESIGN' ));
ENDSEC;

DATA;
#1 = AXIS2_PLACEMENT_3D ( 'NONE', #210, #2613, #2883 ) ;
#2 = CARTESIAN_POINT ( 'NONE',  ( -33.79999999999999716, 7.200000000000000178, 20.80000000000000426 ) ) ;
#3 = EDGE_LOOP ( 'NONE', ( #2642, #174 ) ) ;
#4 = AXIS2_PLACEMENT_3D ( 'NONE', #1623, #2041, #1372 ) ;
#5 = ORIENTED_EDGE ( 'NONE', *, *, #194, .T. ) ;
#6 = FACE_OUTER_BOUND ( 'NONE', #2251, .T. ) ;
#7 = CARTESIAN_POINT ( 'NONE',  ( -33.79999999999999716, 8.800000000000000711, -20.80000000000000426 ) ) ;
#8 = CARTESIAN_POINT ( 'NONE',  ( -35.80000000000001137, 8.800000000000000711, -14.79999999999997407 ) ) ;
#9 = CARTESIAN_POINT ( 'NONE',  ( 33.79999999999997584, 0.000000000000000000, -23.00000000000001421 ) ) ;
#10 = EDGE_CURVE ( 'NONE', #1827, #2262, #2081, .T. ) ;
#11 = CARTESIAN_POINT ( 'NONE',  ( 33.79999999999999716, 7.200000000000000178, 20.79999999999999361 ) ) ;
#12 = AXIS2_PLACEMENT_3D ( 'NONE', #2776, #135, #1014 ) ;
#13 = EDGE_CURVE ( 'NONE', #1307, #1178, #1840, .T. ) ;
#14 = CARTESIAN_POINT ( 'NONE',  ( -36.90453384756090571, 8.800000000000000711, 20.79999999999995097 ) ) ;
#15 = ORIENTED_EDGE ( 'NONE', *, *, #1402, .T. ) ;
#16 = ORIENTED_EDGE ( 'NONE', *, *, #2620, .T. ) ;
#17 = AXIS2_PLACEMENT_3D ( 'NONE', #2115, #2585, #813 ) ;
#18 = CARTESIAN_POINT ( 'NONE',  ( 11.92691762911673692, 1.600000000000000755, -21.40000000000000568 ) ) ;
#19 = CARTESIAN_POINT ( 'NONE',  ( -35.94265358913284558, 0.6273813520907729480, 0.000000000000000000 ) ) ;
#20 = VERTEX_POINT ( 'NONE', #1222 ) ;
#21 = LINE ( 'NONE', #2253, #1591 ) ;
#22 = CARTESIAN_POINT ( 'NONE',  ( 12.63696565583994769, 5.600000000000000533, -22.20000000000000639 ) ) ;
#23 = CONICAL_SURFACE ( 'NONE', #852, 2.000000000000005329, 0.01745329251994333364 ) ;
#24 = DIRECTION ( 'NONE',  ( -0.000000000000000000, -1.000000000000000000, -0.000000000000000000 ) ) ;
#25 = LINE ( 'NONE', #1529, #1683 ) ;
#26 = DIRECTION ( 'NONE',  ( 0.000000000000000000, 0.000000000000000000, 1.000000000000000000 ) ) ;
#27 = ORIENTED_EDGE ( 'NONE', *, *, #2687, .T. ) ;
#28 = VERTEX_POINT ( 'NONE', #2580 ) ;
#29 = CARTESIAN_POINT ( 'NONE',  ( 16.00000000000000000, 0.000000000000000000, 18.50000000000000355 ) ) ;
#30 = ORIENTED_EDGE ( 'NONE', *, *, #1428, .F. ) ;
#31 = ORIENTED_EDGE ( 'NONE', *, *, #1525, .F. ) ;
#32 = ADVANCED_FACE ( 'NONE', ( #2091 ), #1462, .T. ) ;
#33 = CYLINDRICAL_SURFACE ( 'NONE', #302, 0.8000000000000020428 ) ;
#34 = VECTOR ( 'NONE', #1947, 1000.000000000000227 ) ;
#35 = DIRECTION ( 'NONE',  ( 0.000000000000000000, 0.000000000000000000, -1.000000000000000000 ) ) ;
#36 = ADVANCED_FACE ( 'NONE', ( #738, #2780 ), #958, .T. ) ;
#37 = ADVANCED_FACE ( 'NONE', ( #2137 ), #138, .F. ) ;
#38 = CARTESIAN_POINT ( 'NONE',  ( -35.07448128874482762, 1.955519467356728658, -15.00315412024096595 ) ) ;
#39 = EDGE_CURVE ( 'NONE', #2087, #923, #1330, .T. ) ;
#40 = AXIS2_PLACEMENT_3D ( 'NONE', #2089, #1193, #324 ) ;
#41 = CARTESIAN_POINT ( 'NONE',  ( 33.79999999999997584, 5.599999999999999645, -22.20000000000000995 ) ) ;
#42 = ORIENTED_EDGE ( 'NONE', *, *, #1513, .F. ) ;
#43 = AXIS2_PLACEMENT_3D ( 'NONE', #1969, #1953, #2202 ) ;
#44 = ORIENTED_EDGE ( 'NONE', *, *, #1644, .T. ) ;
#45 = AXIS2_PLACEMENT_3D ( 'NONE', #411, #1073, #1294 ) ;
#46 = LINE ( 'NONE', #938, #299 ) ;
#47 = VECTOR ( 'NONE', #1802, 1000.000000000000000 ) ;
#48 = ORIENTED_EDGE ( 'NONE', *, *, #2452, .T. ) ;
#49 = ORIENTED_EDGE ( 'NONE', *, *, #486, .F. ) ;
#50 = VECTOR ( 'NONE', #1974, 1000.000000000000000 ) ;
#51 = DIRECTION ( 'NONE',  ( 1.000000000000000000, 0.000000000000000000, 0.000000000000000000 ) ) ;
#52 = CARTESIAN_POINT ( 'NONE',  ( -31.50000000000000000, 1.600000000000000755, 13.50000000000000533 ) ) ;
#53 = AXIS2_PLACEMENT_3D ( 'NONE', #940, #2095, #2047 ) ;
#54 = DIRECTION ( 'NONE',  ( -0.01745240643728354982, -0.9998476951563911586, 0.000000000000000000 ) ) ;
#55 = FACE_OUTER_BOUND ( 'NONE', #768, .T. ) ;
#56 = TOROIDAL_SURFACE ( 'NONE', #1682, 4.500000000000000000, 1.000000000000000000 ) ;
#57 = CARTESIAN_POINT ( 'NONE',  ( 16.00000000000000000, 4.099999999999999645, 15.00000000000000355 ) ) ;
#58 = ORIENTED_EDGE ( 'NONE', *, *, #2455, .T. ) ;
#59 = AXIS2_PLACEMENT_3D ( 'NONE', #1921, #91, #2759 ) ;
#60 = ORIENTED_EDGE ( 'NONE', *, *, #10, .F. ) ;
#61 = ORIENTED_EDGE ( 'NONE', *, *, #2450, .F. ) ;
#62 = DIRECTION ( 'NONE',  ( 0.000000000000000000, 0.000000000000000000, -1.000000000000000000 ) ) ;
#63 = ORIENTED_EDGE ( 'NONE', *, *, #579, .F. ) ;
#64 = FILL_AREA_STYLE_COLOUR ( '', #2540 ) ;
#65 = CARTESIAN_POINT ( 'NONE',  ( 12.63696565583994946, 2.275998304897865143, 22.19999999999999574 ) ) ;
#66 = CARTESIAN_POINT ( 'NONE',  ( -35.79999999999999716, 8.800000000000000711, -20.79999999999997584 ) ) ;
#67 = CARTESIAN_POINT ( 'NONE',  ( -35.79999999999999716, 8.800000000000000711, 20.79999999999999005 ) ) ;
#68 = CARTESIAN_POINT ( 'NONE',  ( -35.00835353257794225, 1.871003140539081899, 14.93603110894238384 ) ) ;
#69 = ORIENTED_EDGE ( 'NONE', *, *, #2350, .F. ) ;
#70 = ADVANCED_FACE ( 'NONE', ( #529 ), #1405, .F. ) ;
#71 = EDGE_LOOP ( 'NONE', ( #1460, #462 ) ) ;
#72 = AXIS2_PLACEMENT_3D ( 'NONE', #1195, #344, #2302 ) ;
#73 = ADVANCED_FACE ( 'NONE', ( #400, #763 ), #1028, .T. ) ;
#74 = EDGE_CURVE ( 'NONE', #330, #625, #2116, .T. ) ;
#75 = EDGE_CURVE ( 'NONE', #87, #2815, #1663, .T. ) ;
#76 = EDGE_LOOP ( 'NONE', ( #1074, #1593 ) ) ;
#77 = LINE ( 'NONE', #2500, #2796 ) ;
#78 = VERTEX_POINT ( 'NONE', #814 ) ;
#79 = CARTESIAN_POINT ( 'NONE',  ( -35.20000000000000284, 2.399999999999999467, 15.13696565583995834 ) ) ;
#80 = EDGE_CURVE ( 'NONE', #2800, #438, #1088, .T. ) ;
#81 = AXIS2_PLACEMENT_3D ( 'NONE', #1208, #1805, #2062 ) ;
#82 = FACE_OUTER_BOUND ( 'NONE', #1168, .T. ) ;
#83 = CARTESIAN_POINT ( 'NONE',  ( -27.42691762911673692, 1.600000000000000755, 21.40000000000000213 ) ) ;
#84 = CARTESIAN_POINT ( 'NONE',  ( 33.79999999999997584, 2.400000000000000355, -21.40000000000001279 ) ) ;
#85 = ORIENTED_EDGE ( 'NONE', *, *, #2710, .F. ) ;
#86 = CARTESIAN_POINT ( 'NONE',  ( -31.50000000000000000, 0.9999999999999991118, 14.00000000000000533 ) ) ;
#87 = VERTEX_POINT ( 'NONE', #2369 ) ;
#88 = CARTESIAN_POINT ( 'NONE',  ( -33.79999999999999716, 5.599999999999999645, 20.80000000000000426 ) ) ;
#89 = VECTOR ( 'NONE', #581, 1000.000000000000227 ) ;
#90 = DIRECTION ( 'NONE',  ( 0.000000000000000000, -1.000000000000000000, 0.000000000000000000 ) ) ;
#91 = DIRECTION ( 'NONE',  ( 0.000000000000000000, 1.000000000000000000, -0.000000000000000000 ) ) ;
#92 = DIRECTION ( 'NONE',  ( 0.000000000000000000, -1.000000000000000000, 0.000000000000000000 ) ) ;
#93 = LINE ( 'NONE', #696, #1811 ) ;
#94 = CARTESIAN_POINT ( 'NONE',  ( 19.36303434416005942, 2.275998304897866475, -22.20000000000000639 ) ) ;
#95 = EDGE_CURVE ( 'NONE', #1360, #315, #598, .T. ) ;
#96 = SHAPE_REPRESENTATION_RELATIONSHIP ( 'NONE' , 'NONE' ,  #606, #1124 ) ;
#97 = DIRECTION ( 'NONE',  ( 0.000000000000000000, 0.000000000000000000, -1.000000000000000000 ) ) ;
#98 = EDGE_CURVE ( 'NONE', #2701, #2494, #1483, .T. ) ;
#99 = ORIENTED_EDGE ( 'NONE', *, *, #1580, .T. ) ;
#100 = VERTEX_POINT ( 'NONE', #1044 ) ;
#101 = EDGE_CURVE ( 'NONE', #825, #128, #898, .T. ) ;
#102 = ORIENTED_EDGE ( 'NONE', *, *, #2746, .T. ) ;
#103 = DIRECTION ( 'NONE',  ( -0.000000000000000000, -1.000000000000000000, -0.000000000000000000 ) ) ;
#104 = CARTESIAN_POINT ( 'NONE',  ( 33.79999999999997584, 7.200000000000000178, -23.80000000000001492 ) ) ;
#105 = VECTOR ( 'NONE', #260, 1000.000000000000000 ) ;
#106 = CARTESIAN_POINT ( 'NONE',  ( 16.00000000000000000, 21.34213562373095741, 18.50000000000000355 ) ) ;
#107 = DIRECTION ( 'NONE',  ( -0.000000000000000000, -1.000000000000000000, -0.000000000000000000 ) ) ;
#108 = CARTESIAN_POINT ( 'NONE',  ( -35.82792810388514226, 7.200000000000000178, 20.80000000000000426 ) ) ;
#109 = VECTOR ( 'NONE', #533, 1000.000000000000000 ) ;
#110 = DIRECTION ( 'NONE',  ( 1.000000000000000000, 0.000000000000000000, 0.000000000000000000 ) ) ;
#111 = PRODUCT_CONTEXT ( 'NONE', #1406, 'mechanical' ) ;
#112 = EDGE_LOOP ( 'NONE', ( #2768, #1973, #1018, #952 ) ) ;
#113 = VERTEX_POINT ( 'NONE', #1443 ) ;
#114 = ORIENTED_EDGE ( 'NONE', *, *, #2454, .T. ) ;
#115 = ORIENTED_EDGE ( 'NONE', *, *, #1192, .T. ) ;
#116 = DIRECTION ( 'NONE',  ( 0.000000000000000000, 1.000000000000000000, 0.000000000000000000 ) ) ;
#117 = DIRECTION ( 'NONE',  ( -8.673617379884035472E-15, 1.000000000000000000, 0.000000000000000000 ) ) ;
#118 = DIRECTION ( 'NONE',  ( 0.000000000000000000, -0.000000000000000000, -1.000000000000000000 ) ) ;
#119 = CARTESIAN_POINT ( 'NONE',  ( 33.79999999999999716, 0.000000000000000000, -20.80000000000001137 ) ) ;
#120 = DIRECTION ( 'NONE',  ( 0.000000000000000000, 1.000000000000000000, -0.000000000000000000 ) ) ;
#121 = EDGE_CURVE ( 'NONE', #854, #1387, #390, .T. ) ;
#122 = PLANE ( 'NONE',  #1788 ) ;
#123 = APPLICATION_PROTOCOL_DEFINITION ( 'draft international standard', 'automotive_design', 1998, #1406 ) ;
#124 = ORIENTED_EDGE ( 'NONE', *, *, #1276, .T. ) ;
#125 = EDGE_LOOP ( 'NONE', ( #182, #61, #547, #1776, #1794 ) ) ;
#126 = LINE ( 'NONE', #1004, #1021 ) ;
#127 = ORIENTED_EDGE ( 'NONE', *, *, #1550, .F. ) ;
#128 = VERTEX_POINT ( 'NONE', #2822 ) ;
#129 = AXIS2_PLACEMENT_3D ( 'NONE', #2588, #582, #1998 ) ;
#130 = FACE_OUTER_BOUND ( 'NONE', #125, .T. ) ;
#131 = LINE ( 'NONE', #1705, #1261 ) ;
#132 = TOROIDAL_SURFACE ( 'NONE', #419, 4.500000000000000000, 1.000000000000000000 ) ;
#133 = DIRECTION ( 'NONE',  ( -6.055019831808887400E-17, -0.9998476951563911586, 0.01745240643728354982 ) ) ;
#134 = CARTESIAN_POINT ( 'NONE',  ( -35.20000000000000284, 8.800000000000000711, -20.79999999999998295 ) ) ;
#135 = DIRECTION ( 'NONE',  ( 0.000000000000000000, 1.000000000000000000, -0.000000000000000000 ) ) ;
#136 = VECTOR ( 'NONE', #712, 1000.000000000000000 ) ;
#137 = DIRECTION ( 'NONE',  ( -1.000000000000000000, 0.000000000000000000, 1.539695392878823672E-16 ) ) ;
#138 = CYLINDRICAL_SURFACE ( 'NONE', #2586, 3.499999999999999556 ) ;
#139 = AXIS2_PLACEMENT_3D ( 'NONE', #632, #201, #1078 ) ;
#140 = ORIENTED_EDGE ( 'NONE', *, *, #378, .F. ) ;
#141 = LINE ( 'NONE', #2816, #790 ) ;
#142 = ORIENTED_EDGE ( 'NONE', *, *, #703, .F. ) ;
#143 = FACE_OUTER_BOUND ( 'NONE', #2395, .T. ) ;
#144 = PRODUCT_DEFINITION_SHAPE ( 'NONE', 'NONE',  #887 ) ;
#145 = AXIS2_PLACEMENT_3D ( 'NONE', #1205, #2326, #2576 ) ;
#146 = DIRECTION ( 'NONE',  ( 0.000000000000000000, 0.000000000000000000, -1.000000000000000000 ) ) ;
#147 = CYLINDRICAL_SURFACE ( 'NONE', #2653, 4.999999999999997335 ) ;
#148 = DIRECTION ( 'NONE',  ( 0.000000000000000000, 1.000000000000000000, -0.000000000000000000 ) ) ;
#149 = FACE_OUTER_BOUND ( 'NONE', #2086, .T. ) ;
#150 = ORIENTED_EDGE ( 'NONE', *, *, #2535, .T. ) ;
#151 = AXIS2_PLACEMENT_3D ( 'NONE', #523, #2255, #35 ) ;
#152 = CARTESIAN_POINT ( 'NONE',  ( -36.00000000000000000, 0.000000000000000000, -20.79999999999998295 ) ) ;
#153 = ORIENTED_EDGE ( 'NONE', *, *, #750, .T. ) ;
#154 = DIRECTION ( 'NONE',  ( 0.000000000000000000, 0.000000000000000000, -1.000000000000000000 ) ) ;
#155 = ORIENTED_EDGE ( 'NONE', *, *, #2356, .F. ) ;
#156 = CARTESIAN_POINT ( 'NONE',  ( -33.80000000000000426, 1.600000000000000089, -21.39999999999999858 ) ) ;
#157 = ORIENTED_EDGE ( 'NONE', *, *, #2799, .T. ) ;
#158 = EDGE_CURVE ( 'NONE', #1827, #2264, #2183, .T. ) ;
#159 = TOROIDAL_SURFACE ( 'NONE', #804, 2.200000000000001066, 0.8000000000000000444 ) ;
#160 = EDGE_CURVE ( 'NONE', #2377, #2800, #2615, .T. ) ;
#161 = ORIENTED_EDGE ( 'NONE', *, *, #1055, .F. ) ;
#162 = ADVANCED_FACE ( 'NONE', ( #2164 ), #2337, .T. ) ;
#163 = FACE_OUTER_BOUND ( 'NONE', #2077, .T. ) ;
#164 = CARTESIAN_POINT ( 'NONE',  ( -33.79999999999997584, 0.8000000000000003775, -23.80000000000000071 ) ) ;
#165 = AXIS2_PLACEMENT_3D ( 'NONE', #1755, #2633, #1543 ) ;
#166 = CARTESIAN_POINT ( 'NONE',  ( 19.70396737097945561, 1.737946332241486092, 21.86024367079746256 ) ) ;
#167 = LINE ( 'NONE', #2400, #1409 ) ;
#168 = CYLINDRICAL_SURFACE ( 'NONE', #331, 0.7999999999999986011 ) ;
#169 = FACE_OUTER_BOUND ( 'NONE', #713, .T. ) ;
#170 = ORIENTED_EDGE ( 'NONE', *, *, #1513, .T. ) ;
#171 = DIRECTION ( 'NONE',  ( 0.000000000000000000, 0.000000000000000000, -1.000000000000000000 ) ) ;
#172 = VECTOR ( 'NONE', #856, 1000.000000000000000 ) ;
#173 = DIRECTION ( 'NONE',  ( 0.000000000000000000, 1.000000000000000000, -0.000000000000000000 ) ) ;
#174 = ORIENTED_EDGE ( 'NONE', *, *, #2094, .F. ) ;
#175 = ORIENTED_EDGE ( 'NONE', *, *, #2879, .T. ) ;
#176 = DIRECTION ( 'NONE',  ( 0.000000000000000000, 0.000000000000000000, 1.000000000000000000 ) ) ;
#177 = FACE_OUTER_BOUND ( 'NONE', #977, .T. ) ;
#178 = VERTEX_POINT ( 'NONE', #365 ) ;
#179 = DIRECTION ( 'NONE',  ( 0.000000000000000000, 1.000000000000000000, 0.000000000000000000 ) ) ;
#180 = CARTESIAN_POINT ( 'NONE',  ( 16.00000000000000000, 4.099999999999999645, 18.50000000000000355 ) ) ;
#181 = CARTESIAN_POINT ( 'NONE',  ( 16.00000000000000000, 15.49949493661166322, 15.00000000000000355 ) ) ;
#182 = ORIENTED_EDGE ( 'NONE', *, *, #610, .F. ) ;
#183 = CARTESIAN_POINT ( 'NONE',  ( -33.79999999999996874, 8.800000000000000711, 22.80000000000000071 ) ) ;
#184 = CARTESIAN_POINT ( 'NONE',  ( -36.90453384756089861, 8.800000000000000711, -20.80000000000000426 ) ) ;
#185 = EDGE_CURVE ( 'NONE', #1689, #2508, #2300, .T. ) ;
#186 = AXIS2_PLACEMENT_3D ( 'NONE', #2383, #1217, #2368 ) ;
#187 = VERTEX_POINT ( 'NONE', #1218 ) ;
#188 = LINE ( 'NONE', #622, #1435 ) ;
#189 = AXIS2_PLACEMENT_3D ( 'NONE', #2873, #1748, #2639 ) ;
#190 = CARTESIAN_POINT ( 'NONE',  ( 35.20000000000000284, 2.400000000000000355, 20.79999999999997229 ) ) ;
#191 = ORIENTED_EDGE ( 'NONE', *, *, #1935, .F. ) ;
#192 = ORIENTED_EDGE ( 'NONE', *, *, #1192, .F. ) ;
#193 = DIRECTION ( 'NONE',  ( 0.000000000000000000, 1.000000000000000000, 0.000000000000000000 ) ) ;
#194 = EDGE_CURVE ( 'NONE', #87, #756, #167, .T. ) ;
#195 = CYLINDRICAL_SURFACE ( 'NONE', #2842, 3.000000000000002665 ) ;
#196 = ORIENTED_EDGE ( 'NONE', *, *, #919, .T. ) ;
#197 = VECTOR ( 'NONE', #904, 1000.000000000000000 ) ;
#198 = LINE ( 'NONE', #1500, #2712 ) ;
#199 = CYLINDRICAL_SURFACE ( 'NONE', #1764, 0.7999999999999986011 ) ;
#200 = CARTESIAN_POINT ( 'NONE',  ( -33.79999999999999716, 8.800000000000000711, 20.80000000000000426 ) ) ;
#201 = DIRECTION ( 'NONE',  ( 0.000000000000000000, -1.000000000000000000, 0.000000000000000000 ) ) ;
#202 = AXIS2_PLACEMENT_3D ( 'NONE', #2782, #769, #574 ) ;
#203 = DIRECTION ( 'NONE',  ( 0.000000000000000000, 0.000000000000000000, -1.000000000000000000 ) ) ;
#204 = ORIENTED_EDGE ( 'NONE', *, *, #2668, .T. ) ;
#205 = CARTESIAN_POINT ( 'NONE',  ( -33.79999999999999005, 8.800000000000000711, -22.20000000000000284 ) ) ;
#206 = CARTESIAN_POINT ( 'NONE',  ( -31.50000000000000000, 4.099999999999999645, 16.80000000000000426 ) ) ;
#207 = VERTEX_POINT ( 'NONE', #1501 ) ;
#208 = VERTEX_POINT ( 'NONE', #2775 ) ;
#209 = DIRECTION ( 'NONE',  ( 0.000000000000000000, -0.000000000000000000, -1.000000000000000000 ) ) ;
#210 = CARTESIAN_POINT ( 'NONE',  ( 33.79999999999999716, 7.200000000000000178, -20.80000000000001137 ) ) ;
#211 = AXIS2_PLACEMENT_3D ( 'NONE', #2388, #369, #2793 ) ;
#212 = CARTESIAN_POINT ( 'NONE',  ( 33.79999999999998295, 0.000000000000000000, 22.99999999999999289 ) ) ;
#213 = DIRECTION ( 'NONE',  ( -0.000000000000000000, -1.000000000000000000, -0.000000000000000000 ) ) ;
#214 = VECTOR ( 'NONE', #352, 1000.000000000000000 ) ;
#215 = DIRECTION ( 'NONE',  ( 1.000000000000000000, 0.000000000000000000, 0.000000000000000000 ) ) ;
#216 = ORIENTED_EDGE ( 'NONE', *, *, #635, .T. ) ;
#217 = FACE_OUTER_BOUND ( 'NONE', #1553, .T. ) ;
#218 = DIRECTION ( 'NONE',  ( 0.000000000000000000, 0.000000000000000000, -1.000000000000000000 ) ) ;
#219 = ORIENTED_EDGE ( 'NONE', *, *, #1964, .F. ) ;
#220 = EDGE_LOOP ( 'NONE', ( #1946, #1687, #1994, #2526 ) ) ;
#221 = AXIS2_PLACEMENT_3D ( 'NONE', #1259, #1963, #2431 ) ;
#222 = FACE_OUTER_BOUND ( 'NONE', #2330, .T. ) ;
#223 = DIRECTION ( 'NONE',  ( -0.9998476951563911586, 0.01745240643728355676, -0.000000000000000000 ) ) ;
#224 = EDGE_CURVE ( 'NONE', #2264, #358, #1787, .T. ) ;
#225 = DIRECTION ( 'NONE',  ( 0.000000000000000000, -0.000000000000000000, 1.000000000000000000 ) ) ;
#226 = DIRECTION ( 'NONE',  ( 0.000000000000000000, 0.000000000000000000, -1.000000000000000000 ) ) ;
#227 = CARTESIAN_POINT ( 'NONE',  ( -31.50000000000000000, 8.801000000000000156, 18.50000000000000711 ) ) ;
#228 = AXIS2_PLACEMENT_3D ( 'NONE', #7, #1105, #2644 ) ;
#229 = CARTESIAN_POINT ( 'NONE',  ( -34.39999999999999858, 1.600000000000000755, 14.42691762911674580 ) ) ;
#230 = VERTEX_POINT ( 'NONE', #1896 ) ;
#231 = VECTOR ( 'NONE', #1749, 1000.000000000000227 ) ;
#232 = ORIENTED_EDGE ( 'NONE', *, *, #240, .T. ) ;
#233 = DIRECTION ( 'NONE',  ( 0.9998476951563911586, 0.01745240643728354982, 1.667749297297207686E-16 ) ) ;
#234 = DIRECTION ( 'NONE',  ( -0.000000000000000000, -1.000000000000000000, 0.000000000000000000 ) ) ;
#235 = CARTESIAN_POINT ( 'NONE',  ( 35.20000000000000995, 8.800000000000000711, -20.79999999999999716 ) ) ;
#236 = CARTESIAN_POINT ( 'NONE',  ( -33.80000000000000426, 1.600000000000000089, -21.39999999999999858 ) ) ;
#237 = LINE ( 'NONE', #184, #2304 ) ;
#238 = DIRECTION ( 'NONE',  ( 0.000000000000000000, 0.000000000000000000, -1.000000000000000000 ) ) ;
#239 = VERTEX_POINT ( 'NONE', #2789 ) ;
#240 = EDGE_CURVE ( 'NONE', #1475, #1585, #342, .T. ) ;
#241 = EDGE_LOOP ( 'NONE', ( #1699, #153, #2767, #1490, #2564 ) ) ;
#242 = VECTOR ( 'NONE', #2719, 1000.000000000000000 ) ;
#243 = DIRECTION ( 'NONE',  ( 1.000000000000000000, 0.000000000000000000, -8.673617379884049672E-15 ) ) ;
#244 = EDGE_CURVE ( 'NONE', #626, #2143, #2649, .T. ) ;
#245 = EDGE_CURVE ( 'NONE', #464, #688, #2045, .T. ) ;
#246 = ORIENTED_EDGE ( 'NONE', *, *, #1828, .F. ) ;
#247 = AXIS2_PLACEMENT_3D ( 'NONE', #349, #2770, #334 ) ;
#248 = VERTEX_POINT ( 'NONE', #1059 ) ;
#249 = EDGE_CURVE ( 'NONE', #2781, #2815, #2131, .T. ) ;
#250 = DIRECTION ( 'NONE',  ( -1.000000000000000000, 0.000000000000000000, 0.000000000000000000 ) ) ;
#251 = DIRECTION ( 'NONE',  ( 0.000000000000000000, 1.000000000000000000, -0.000000000000000000 ) ) ;
#252 = CYLINDRICAL_SURFACE ( 'NONE', #654, 3.499999999999996003 ) ;
#253 = CARTESIAN_POINT ( 'NONE',  ( -35.07354682818836977, 1.953897996922342006, 15.00218526836771638 ) ) ;
#254 = ORIENTED_EDGE ( 'NONE', *, *, #545, .T. ) ;
#255 = VERTEX_POINT ( 'NONE', #2886 ) ;
#256 = DIRECTION ( 'NONE',  ( 0.000000000000000000, 0.000000000000000000, -1.000000000000000000 ) ) ;
#257 = ORIENTED_EDGE ( 'NONE', *, *, #2257, .T. ) ;
#258 = EDGE_LOOP ( 'NONE', ( #1158, #1790, #637, #273 ) ) ;
#259 = CARTESIAN_POINT ( 'NONE',  ( 35.19999999999999574, 8.800000000000000711, 20.79999999999996163 ) ) ;
#260 = DIRECTION ( 'NONE',  ( -0.000000000000000000, -0.000000000000000000, 1.000000000000000000 ) ) ;
#261 = CARTESIAN_POINT ( 'NONE',  ( 16.00000000000000000, 4.099999999999999645, 18.50000000000000355 ) ) ;
#262 = PLANE ( 'NONE',  #274 ) ;
#263 = CARTESIAN_POINT ( 'NONE',  ( -33.79999999999997584, 0.000000000000000000, 23.00000000000000355 ) ) ;
#264 = AXIS2_PLACEMENT_3D ( 'NONE', #1588, #1867, #1204 ) ;
#265 = ADVANCED_FACE ( 'NONE', ( #2199 ), #199, .T. ) ;
#266 = DIRECTION ( 'NONE',  ( 0.000000000000000000, 1.000000000000000000, -0.000000000000000000 ) ) ;
#267 = EDGE_LOOP ( 'NONE', ( #1269, #1943, #867, #1554 ) ) ;
#268 = ORIENTED_EDGE ( 'NONE', *, *, #10, .T. ) ;
#269 = VECTOR ( 'NONE', #407, 1000.000000000000000 ) ;
#270 = CARTESIAN_POINT ( 'NONE',  ( -35.19999999999999574, 7.172071896114851519, 14.79999999999998828 ) ) ;
#271 = CIRCLE ( 'NONE', #4, 2.000000000000005329 ) ;
#272 = ORIENTED_EDGE ( 'NONE', *, *, #635, .F. ) ;
#273 = ORIENTED_EDGE ( 'NONE', *, *, #639, .F. ) ;
#274 = AXIS2_PLACEMENT_3D ( 'NONE', #66, #2054, #54 ) ;
#275 = CARTESIAN_POINT ( 'NONE',  ( 12.22137940245660914, 1.687536854880495207, 21.77655733361327606 ) ) ;
#276 = AXIS2_PLACEMENT_3D ( 'NONE', #1713, #2449, #1333 ) ;
#277 = DIRECTION ( 'NONE',  ( 0.01745240643728354982, -0.9998476951563911586, 2.911067226831207658E-18 ) ) ;
#278 = DIRECTION ( 'NONE',  ( -1.000000000000000000, -0.000000000000000000, 1.539695392878823672E-16 ) ) ;
#279 = ADVANCED_FACE ( 'NONE', ( #297 ), #2277, .T. ) ;
#280 = ADVANCED_FACE ( 'NONE', ( #2720 ), #1002, .T. ) ;
#281 = EDGE_CURVE ( 'NONE', #20, #2320, #2271, .T. ) ;
#282 = ADVANCED_FACE ( 'NONE', ( #82 ), #2734, .F. ) ;
#283 = AXIS2_PLACEMENT_3D ( 'NONE', #384, #2385, #1912 ) ;
#284 = EDGE_CURVE ( 'NONE', #504, #28, #1650, .T. ) ;
#285 = DIRECTION ( 'NONE',  ( -1.000000000000000000, 0.000000000000000000, 0.000000000000000000 ) ) ;
#286 = EDGE_LOOP ( 'NONE', ( #1131, #826, #2527, #2108, #2717, #2235, #467, #2275, #1022, #855, #2623, #371, #1349, #2686 ) ) ;
#287 = AXIS2_PLACEMENT_3D ( 'NONE', #1313, #2446, #889 ) ;
#288 = ORIENTED_EDGE ( 'NONE', *, *, #1924, .F. ) ;
#289 = EDGE_CURVE ( 'NONE', #2096, #113, #748, .T. ) ;
#290 = VECTOR ( 'NONE', #2347, 1000.000000000000000 ) ;
#291 = VERTEX_POINT ( 'NONE', #311 ) ;
#292 = DIRECTION ( 'NONE',  ( -0.000000000000000000, -1.000000000000000000, -0.000000000000000000 ) ) ;
#293 = ORIENTED_EDGE ( 'NONE', *, *, #724, .F. ) ;
#294 = DIRECTION ( 'NONE',  ( 0.000000000000000000, 0.000000000000000000, -1.000000000000000000 ) ) ;
#295 = CYLINDRICAL_SURFACE ( 'NONE', #1357, 1.700000000000000178 ) ;
#296 = AXIS2_PLACEMENT_3D ( 'NONE', #800, #1231, #616 ) ;
#297 = FACE_OUTER_BOUND ( 'NONE', #2460, .T. ) ;
#298 = CARTESIAN_POINT ( 'NONE',  ( -34.77750226050724791, 1.688057992670810581, -14.72220601485759062 ) ) ;
#299 = VECTOR ( 'NONE', #465, 1000.000000000000000 ) ;
#300 = APPLICATION_PROTOCOL_DEFINITION ( 'draft international standard', 'automotive_design', 1998, #2256 ) ;
#301 = CARTESIAN_POINT ( 'NONE',  ( 16.00000000000000000, 0.000000000000000000, 18.50000000000000355 ) ) ;
#302 = AXIS2_PLACEMENT_3D ( 'NONE', #2515, #2731, #51 ) ;
#303 = ORIENTED_EDGE ( 'NONE', *, *, #121, .T. ) ;
#304 = EDGE_LOOP ( 'NONE', ( #2075, #2139, #303, #2590 ) ) ;
#305 = CARTESIAN_POINT ( 'NONE',  ( 16.00000000000000000, 0.9999999999999991118, 14.00000000000000178 ) ) ;
#306 = ORIENTED_EDGE ( 'NONE', *, *, #753, .F. ) ;
#307 = EDGE_CURVE ( 'NONE', #2524, #2035, #1237, .T. ) ;
#308 = DIRECTION ( 'NONE',  ( 0.000000000000000000, 0.000000000000000000, -1.000000000000000000 ) ) ;
#309 = CARTESIAN_POINT ( 'NONE',  ( 12.07166198001969271, 1.618214285317884915, 21.59547443559324265 ) ) ;
#310 = CIRCLE ( 'NONE', #2881, 1.700000000000000178 ) ;
#311 = CARTESIAN_POINT ( 'NONE',  ( 20.07308237088326308, 1.600000000000000755, 21.39999999999999503 ) ) ;
#312 = ADVANCED_FACE ( 'NONE', ( #2531 ), #1148, .F. ) ;
#313 = DIRECTION ( 'NONE',  ( -0.000000000000000000, -1.000000000000000000, 0.000000000000000000 ) ) ;
#314 = PRODUCT_CONTEXT ( 'NONE', #2514, 'mechanical' ) ;
#315 = VERTEX_POINT ( 'NONE', #2325 ) ;
#316 = ORIENTED_EDGE ( 'NONE', *, *, #1220, .T. ) ;
#317 = ORIENTED_EDGE ( 'NONE', *, *, #2683, .F. ) ;
#318 = ORIENTED_EDGE ( 'NONE', *, *, #1026, .T. ) ;
#319 = CARTESIAN_POINT ( 'NONE',  ( -35.19999999999999574, 5.913487744281863634, 14.79999999999998828 ) ) ;
#320 = AXIS2_PLACEMENT_3D ( 'NONE', #425, #2875, #1068 ) ;
#321 = FACE_OUTER_BOUND ( 'NONE', #2795, .T. ) ;
#322 = VECTOR ( 'NONE', #1288, 1000.000000000000000 ) ;
#323 = CARTESIAN_POINT ( 'NONE',  ( -33.79999999999999716, 5.599999999999999645, 20.80000000000000426 ) ) ;
#324 = DIRECTION ( 'NONE',  ( 0.000000000000000000, 0.000000000000000000, 1.000000000000000000 ) ) ;
#325 = CARTESIAN_POINT ( 'NONE',  ( 16.00000000000000000, 0.000000000000000000, -18.50000000000001776 ) ) ;
#326 = UNCERTAINTY_MEASURE_WITH_UNIT (LENGTH_MEASURE( 1.000000000000000082E-05 ), #1379, 'distance_accuracy_value', 'NONE');
#327 = LINE ( 'NONE', #506, #2596 ) ;
#328 = APPLICATION_PROTOCOL_DEFINITION ( 'draft international standard', 'automotive_design', 1998, #2811 ) ;
#329 = ORIENTED_EDGE ( 'NONE', *, *, #1666, .F. ) ;
#330 = VERTEX_POINT ( 'NONE', #525 ) ;
#331 = AXIS2_PLACEMENT_3D ( 'NONE', #568, #1484, #1952 ) ;
#332 = EDGE_CURVE ( 'NONE', #2109, #2166, #413, .T. ) ;
#333 = ORIENTED_EDGE ( 'NONE', *, *, #1959, .T. ) ;
#334 = DIRECTION ( 'NONE',  ( 0.000000000000000000, 0.000000000000000000, -1.000000000000000000 ) ) ;
#335 = DIRECTION ( 'NONE',  ( -0.000000000000000000, -1.000000000000000000, -0.000000000000000000 ) ) ;
#336 = EDGE_CURVE ( 'NONE', #2109, #208, #2285, .T. ) ;
#337 = EDGE_CURVE ( 'NONE', #811, #820, #983, .T. ) ;
#338 = CARTESIAN_POINT ( 'NONE',  ( 35.20000000000000284, 2.400000000000000355, 20.79999999999997229 ) ) ;
#339 = DIRECTION ( 'NONE',  ( 0.000000000000000000, 1.000000000000000000, -0.000000000000000000 ) ) ;
#340 = DIRECTION ( 'NONE',  ( -0.01745240643728354982, -0.9998476951563911586, -1.211003966361779945E-16 ) ) ;
#341 = VECTOR ( 'NONE', #2268, 1000.000000000000000 ) ;
#342 = CIRCLE ( 'NONE', #1983, 1.700000000000000178 ) ;
#343 = FACE_OUTER_BOUND ( 'NONE', #408, .T. ) ;
#344 = DIRECTION ( 'NONE',  ( 0.000000000000000000, 1.000000000000000000, 0.000000000000000000 ) ) ;
#345 = ORIENTED_EDGE ( 'NONE', *, *, #773, .T. ) ;
#346 = ORIENTED_EDGE ( 'NONE', *, *, #546, .T. ) ;
#347 = VECTOR ( 'NONE', #1458, 1000.000000000000227 ) ;
#348 = VERTEX_POINT ( 'NONE', #2311 ) ;
#349 = CARTESIAN_POINT ( 'NONE',  ( -31.50000000000000000, 0.000000000000000000, 18.50000000000000711 ) ) ;
#350 = LINE ( 'NONE', #1260, #290 ) ;
#351 = CARTESIAN_POINT ( 'NONE',  ( 33.79999999999997584, 2.400000000000000355, 22.19999999999999218 ) ) ;
#352 = DIRECTION ( 'NONE',  ( -1.000000000000000000, 0.000000000000000000, 1.539695392878823672E-16 ) ) ;
#353 = FACE_OUTER_BOUND ( 'NONE', #2672, .T. ) ;
#354 = ORIENTED_EDGE ( 'NONE', *, *, #851, .F. ) ;
#355 = AXIS2_PLACEMENT_3D ( 'NONE', #1363, #1390, #256 ) ;
#356 = DIRECTION ( 'NONE',  ( 1.000000000000000000, -0.000000000000000000, 0.000000000000000000 ) ) ;
#357 = EDGE_LOOP ( 'NONE', ( #839, #1607, #472, #988 ) ) ;
#358 = VERTEX_POINT ( 'NONE', #2705 ) ;
#359 = EDGE_LOOP ( 'NONE', ( #1239, #2006, #293, #1432, #1610, #1966, #2766, #99, #2801, #216 ) ) ;
#360 = ORIENTED_EDGE ( 'NONE', *, *, #13, .T. ) ;
#361 = CARTESIAN_POINT ( 'NONE',  ( 33.79999999999999716, 2.400000000000000355, 21.39999999999999147 ) ) ;
#362 = FACE_BOUND ( 'NONE', #2831, .T. ) ;
#363 = CIRCLE ( 'NONE', #1857, 1.700000000000000178 ) ;
#364 = LINE ( 'NONE', #351, #1723 ) ;
#365 = CARTESIAN_POINT ( 'NONE',  ( 36.00000000000000000, 0.000000000000000000, 20.79999999999997229 ) ) ;
#366 = DIRECTION ( 'NONE',  ( -0.000000000000000000, -0.000000000000000000, 1.000000000000000000 ) ) ;
#367 = AXIS2_PLACEMENT_3D ( 'NONE', #1721, #1494, #391 ) ;
#368 = EDGE_CURVE ( 'NONE', #972, #1006, #93, .T. ) ;
#369 = DIRECTION ( 'NONE',  ( -0.000000000000000000, -1.000000000000000000, 0.000000000000000000 ) ) ;
#370 = ADVANCED_FACE ( 'NONE', ( #1370 ), #262, .T. ) ;
#371 = ORIENTED_EDGE ( 'NONE', *, *, #1842, .T. ) ;
#372 = DIRECTION ( 'NONE',  ( 0.000000000000000000, -1.000000000000000000, 0.000000000000000000 ) ) ;
#373 = ADVANCED_FACE ( 'NONE', ( #930 ), #1824, .F. ) ;
#374 = ORIENTED_EDGE ( 'NONE', *, *, #543, .F. ) ;
#375 = EDGE_CURVE ( 'NONE', #1906, #2508, #2505, .T. ) ;
#376 = ORIENTED_EDGE ( 'NONE', *, *, #845, .T. ) ;
#377 = ORIENTED_EDGE ( 'NONE', *, *, #1489, .F. ) ;
#378 = EDGE_CURVE ( 'NONE', #1307, #230, #1532, .T. ) ;
#379 = LINE ( 'NONE', #840, #2692 ) ;
#380 = CIRCLE ( 'NONE', #2099, 4.499999999999997335 ) ;
#381 = LINE ( 'NONE', #1865, #2760 ) ;
#382 = CARTESIAN_POINT ( 'NONE',  ( 33.79999999999999005, 8.800000000000000711, 22.79999999999999716 ) ) ;
#383 = DIRECTION ( 'NONE',  ( -0.000000000000000000, -1.000000000000000000, -0.000000000000000000 ) ) ;
#384 = CARTESIAN_POINT ( 'NONE',  ( 36.79999999999999716, 7.200000000000000178, 20.79999999999997229 ) ) ;
#385 = VECTOR ( 'NONE', #1134, 1000.000000000000000 ) ;
#386 = CARTESIAN_POINT ( 'NONE',  ( -33.79999999999999716, 0.8000000000000003775, 20.80000000000000426 ) ) ;
#387 = ORIENTED_EDGE ( 'NONE', *, *, #2237, .F. ) ;
#388 = CARTESIAN_POINT ( 'NONE',  ( -33.79999999999999716, 7.200000000000000178, -20.80000000000000426 ) ) ;
#389 = ORIENTED_EDGE ( 'NONE', *, *, #1026, .F. ) ;
#390 = CIRCLE ( 'NONE', #1931, 3.499999999999996003 ) ;
#391 = DIRECTION ( 'NONE',  ( 0.000000000000000000, 0.000000000000000000, -1.000000000000000000 ) ) ;
#392 = ORIENTED_EDGE ( 'NONE', *, *, #2270, .T. ) ;
#393 = AXIS2_PLACEMENT_3D ( 'NONE', #227, #1121, #203 ) ;
#394 = EDGE_LOOP ( 'NONE', ( #1701, #232, #2171, #2617 ) ) ;
#395 = DIRECTION ( 'NONE',  ( 0.000000000000000000, 0.000000000000000000, 1.000000000000000000 ) ) ;
#396 = CARTESIAN_POINT ( 'NONE',  ( 11.92691762911673869, 1.600000000000000755, 21.39999999999999503 ) ) ;
#397 = AXIS2_PLACEMENT_3D ( 'NONE', #859, #179, #225 ) ;
#398 = EDGE_CURVE ( 'NONE', #2320, #442, #188, .T. ) ;
#399 = DIRECTION ( 'NONE',  ( 0.000000000000000000, 1.000000000000000000, -0.000000000000000000 ) ) ;
#400 = FACE_BOUND ( 'NONE', #3, .T. ) ;
#401 = DIRECTION ( 'NONE',  ( -0.000000000000000000, -1.000000000000000000, 0.000000000000000000 ) ) ;
#402 = EDGE_CURVE ( 'NONE', #1007, #178, #922, .T. ) ;
#403 = CYLINDRICAL_SURFACE ( 'NONE', #751, 0.8000000000000020428 ) ;
#404 = ORIENTED_EDGE ( 'NONE', *, *, #2161, .T. ) ;
#405 = EDGE_CURVE ( 'NONE', #2715, #740, #848, .T. ) ;
#406 = AXIS2_PLACEMENT_3D ( 'NONE', #1753, #1279, #2658 ) ;
#407 = DIRECTION ( 'NONE',  ( -1.000000000000000000, 0.000000000000000000, 1.539695392878823672E-16 ) ) ;
#408 = EDGE_LOOP ( 'NONE', ( #519, #1139, #925, #517 ) ) ;
#409 = ORIENTED_EDGE ( 'NONE', *, *, #375, .T. ) ;
#410 = DIRECTION ( 'NONE',  ( 0.000000000000000000, 0.000000000000000000, -1.000000000000000000 ) ) ;
#411 = CARTESIAN_POINT ( 'NONE',  ( -33.79999999999999716, 7.200000000000000178, 20.80000000000000426 ) ) ;
#412 = ORIENTED_EDGE ( 'NONE', *, *, #1147, .T. ) ;
#413 = CIRCLE ( 'NONE', #40, 3.000000000000002665 ) ;
#414 = EDGE_CURVE ( 'NONE', #1258, #2186, #821, .T. ) ;
#415 = LINE ( 'NONE', #1514, #436 ) ;
#416 = CARTESIAN_POINT ( 'NONE',  ( -33.79999999999999716, 7.200000000000000178, -20.80000000000000426 ) ) ;
#417 = DIRECTION ( 'NONE',  ( 0.01745240643728355329, -0.9998476951563912696, 2.911067226831208428E-18 ) ) ;
#418 = ORIENTED_EDGE ( 'NONE', *, *, #486, .T. ) ;
#419 = AXIS2_PLACEMENT_3D ( 'NONE', #969, #1895, #982 ) ;
#420 = CARTESIAN_POINT ( 'NONE',  ( -31.50000000000000000, 4.099999999999999645, 18.50000000000000711 ) ) ;
#421 = CIRCLE ( 'NONE', #2053, 5.000000000000000888 ) ;
#422 = ORIENTED_EDGE ( 'NONE', *, *, #2356, .T. ) ;
#423 = CARTESIAN_POINT ( 'NONE',  ( 16.00000000000000000, 0.9999999999999991118, -18.50000000000001776 ) ) ;
#424 = VECTOR ( 'NONE', #1270, 1000.000000000000000 ) ;
#425 = CARTESIAN_POINT ( 'NONE',  ( 33.79999999999999716, 8.800000000000000711, -20.80000000000001137 ) ) ;
#426 = VECTOR ( 'NONE', #292, 1000.000000000000000 ) ;
#427 = ORIENTED_EDGE ( 'NONE', *, *, #580, .T. ) ;
#428 = ORIENTED_EDGE ( 'NONE', *, *, #2773, .F. ) ;
#429 = DIRECTION ( 'NONE',  ( 1.040834085586084509E-13, 0.000000000000000000, -1.000000000000000000 ) ) ;
#430 = CARTESIAN_POINT ( 'NONE',  ( 33.79999999999997584, 7.200000000000000178, -23.80000000000001137 ) ) ;
#431 = AXIS2_PLACEMENT_3D ( 'NONE', #1176, #1812, #2735 ) ;
#432 = PLANE ( 'NONE',  #165 ) ;
#433 = EDGE_CURVE ( 'NONE', #1061, #187, #1299, .T. ) ;
#434 = FACE_OUTER_BOUND ( 'NONE', #220, .T. ) ;
#435 = B_SPLINE_CURVE_WITH_KNOTS ( 'NONE', 3,
 ( #2013, #862, #1356, #1093, #1970, #1079, #1987, #2669, #1561, #1346 ),
 .UNSPECIFIED., .F., .F.,
 ( 4, 2, 2, 2, 4 ),
 ( 0.000000000000000000, 0.0003644036504520811542, 0.0007288073009041623083, 0.001093210951356243408, 0.001457614601808324617 ),
 .UNSPECIFIED. ) ;
#436 = VECTOR ( 'NONE', #2463, 1000.000000000000000 ) ;
#437 = DIRECTION ( 'NONE',  ( -0.000000000000000000, -1.000000000000000000, -0.000000000000000000 ) ) ;
#438 = VERTEX_POINT ( 'NONE', #2594 ) ;
#439 = CARTESIAN_POINT ( 'NONE',  ( 16.00000000000000000, 4.099999999999999645, -20.20000000000001705 ) ) ;
#440 = FACE_OUTER_BOUND ( 'NONE', #2825, .T. ) ;
#441 = ORIENTED_EDGE ( 'NONE', *, *, #618, .F. ) ;
#442 = VERTEX_POINT ( 'NONE', #2390 ) ;
#443 = DIRECTION ( 'NONE',  ( -0.000000000000000000, -1.000000000000000000, -0.000000000000000000 ) ) ;
#444 = FACE_OUTER_BOUND ( 'NONE', #1100, .T. ) ;
#445 = TOROIDAL_SURFACE ( 'NONE', #665, 2.200000000000001066, 0.8000000000000000444 ) ;
#446 = CARTESIAN_POINT ( 'NONE',  ( 19.92727655405008136, 1.618569107773516258, 21.59681244666463229 ) ) ;
#447 = CARTESIAN_POINT ( 'NONE',  ( -31.50000000000000000, 8.801000000000000156, -18.50000000000001776 ) ) ;
#448 = LINE ( 'NONE', #875, #943 ) ;
#449 = FACE_OUTER_BOUND ( 'NONE', #926, .T. ) ;
#450 = ORIENTED_EDGE ( 'NONE', *, *, #185, .T. ) ;
#451 = VERTEX_POINT ( 'NONE', #205 ) ;
#452 = VECTOR ( 'NONE', #2698, 1000.000000000000000 ) ;
#453 = CYLINDRICAL_SURFACE ( 'NONE', #81, 3.000000000000002665 ) ;
#454 = DIRECTION ( 'NONE',  ( 1.000000000000000000, -0.000000000000000000, 0.000000000000000000 ) ) ;
#455 = DIRECTION ( 'NONE',  ( 1.000000000000000000, 8.673617379884032317E-15, -8.673617379884051249E-15 ) ) ;
#456 = CARTESIAN_POINT ( 'NONE',  ( 35.20000000000000284, 7.200000000000000178, 20.79999999999997229 ) ) ;
#457 = CARTESIAN_POINT ( 'NONE',  ( -31.50000000000000000, 0.9999999999999991118, -18.50000000000001776 ) ) ;
#458 = EDGE_CURVE ( 'NONE', #1387, #854, #1154, .T. ) ;
#459 = VECTOR ( 'NONE', #1083, 1000.000000000000000 ) ;
#460 = ADVANCED_FACE ( 'NONE', ( #2172 ), #1518, .F. ) ;
#461 = LINE ( 'NONE', #920, #136 ) ;
#462 = ORIENTED_EDGE ( 'NONE', *, *, #1611, .F. ) ;
#463 = EDGE_CURVE ( 'NONE', #882, #1450, #605, .T. ) ;
#464 = VERTEX_POINT ( 'NONE', #439 ) ;
#465 = DIRECTION ( 'NONE',  ( 0.000000000000000000, -1.000000000000000000, 0.000000000000000000 ) ) ;
#466 = DIRECTION ( 'NONE',  ( 0.9998476951563912696, -0.01745240643728424718, 0.000000000000000000 ) ) ;
#467 = ORIENTED_EDGE ( 'NONE', *, *, #1367, .T. ) ;
#468 = ORIENTED_EDGE ( 'NONE', *, *, #1344, .T. ) ;
#469 = CARTESIAN_POINT ( 'NONE',  ( 12.29581775045604530, 1.737918529625254394, 21.85997806959242595 ) ) ;
#470 = CARTESIAN_POINT ( 'NONE',  ( -34.39999999999999858, 1.600000000000000755, 14.42691762911674580 ) ) ;
#471 = LINE ( 'NONE', #41, #1480 ) ;
#472 = ORIENTED_EDGE ( 'NONE', *, *, #2622, .T. ) ;
#473 = ORIENTED_EDGE ( 'NONE', *, *, #405, .F. ) ;
#474 = AXIS2_PLACEMENT_3D ( 'NONE', #1968, #2853, #843 ) ;
#475 = CARTESIAN_POINT ( 'NONE',  ( -31.50000000000000000, -4.336808689942017736E-16, -14.00000000000001599 ) ) ;
#476 = ORIENTED_EDGE ( 'NONE', *, *, #1666, .T. ) ;
#477 = AXIS2_PLACEMENT_3D ( 'NONE', #361, #2145, #1908 ) ;
#478 = ORIENTED_EDGE ( 'NONE', *, *, #2257, .F. ) ;
#479 = LINE ( 'NONE', #2080, #341 ) ;
#480 = DIRECTION ( 'NONE',  ( -0.000000000000000000, -1.000000000000000000, -0.000000000000000000 ) ) ;
#481 = EDGE_CURVE ( 'NONE', #1071, #230, #2702, .T. ) ;
#482 = DIRECTION ( 'NONE',  ( 0.000000000000000000, 1.000000000000000000, -0.000000000000000000 ) ) ;
#483 = CARTESIAN_POINT ( 'NONE',  ( 16.00000000000000000, 0.9999999999999991118, 18.50000000000000355 ) ) ;
#484 = CARTESIAN_POINT ( 'NONE',  ( -34.59547443559326041, 1.618214285317884915, 14.57166198001969803 ) ) ;
#485 = EDGE_LOOP ( 'NONE', ( #1326, #2036, #2548, #680 ) ) ;
#486 = EDGE_CURVE ( 'NONE', #128, #178, #1957, .T. ) ;
#487 = ORIENTED_EDGE ( 'NONE', *, *, #1367, .F. ) ;
#488 = CARTESIAN_POINT ( 'NONE',  ( -31.50000000000000000, 0.9999999999999991118, 18.50000000000000711 ) ) ;
#489 = ORIENTED_EDGE ( 'NONE', *, *, #2687, .F. ) ;
#490 = AXIS2_PLACEMENT_3D ( 'NONE', #594, #2612, #2832 ) ;
#491 = PLANE ( 'NONE',  #2295 ) ;
#492 = ORIENTED_EDGE ( 'NONE', *, *, #1929, .T. ) ;
#493 = ADVANCED_FACE ( 'NONE', ( #217 ), #2652, .F. ) ;
#494 = CARTESIAN_POINT ( 'NONE',  ( -31.50000000000000000, -4.336808689942017736E-16, 14.00000000000000533 ) ) ;
#495 = FACE_OUTER_BOUND ( 'NONE', #1747, .T. ) ;
#496 = EDGE_CURVE ( 'NONE', #1913, #1117, #1536, .T. ) ;
#497 = EDGE_CURVE ( 'NONE', #1863, #2566, #687, .T. ) ;
#498 = ADVANCED_FACE ( 'NONE', ( #2187 ), #2153, .T. ) ;
#499 = DIRECTION ( 'NONE',  ( -0.000000000000000000, -1.000000000000000000, -0.000000000000000000 ) ) ;
#500 = DIRECTION ( 'NONE',  ( -0.000000000000000000, -1.000000000000000000, -0.000000000000000000 ) ) ;
#501 = AXIS2_PLACEMENT_3D ( 'NONE', #1854, #955, #734 ) ;
#502 = DIRECTION ( 'NONE',  ( 0.000000000000000000, 1.000000000000000000, -0.000000000000000000 ) ) ;
#503 = ORIENTED_EDGE ( 'NONE', *, *, #791, .T. ) ;
#504 = VERTEX_POINT ( 'NONE', #1942 ) ;
#505 = CIRCLE ( 'NONE', #2425, 1.700000000000000178 ) ;
#506 = CARTESIAN_POINT ( 'NONE',  ( -36.90453384756090571, 5.930450154248392280, 20.79999999999995097 ) ) ;
#507 = AXIS2_PLACEMENT_3D ( 'NONE', #2709, #699, #1590 ) ;
#508 = ORIENTED_EDGE ( 'NONE', *, *, #2270, .F. ) ;
#509 = VERTEX_POINT ( 'NONE', #2826 ) ;
#510 = CARTESIAN_POINT ( 'NONE',  ( -31.50000000000000000, 15.49949493661166322, -22.00000000000001776 ) ) ;
#511 = VECTOR ( 'NONE', #62, 1000.000000000000000 ) ;
#512 = DIRECTION ( 'NONE',  ( 0.000000000000000000, 0.000000000000000000, 1.000000000000000000 ) ) ;
#513 = CARTESIAN_POINT ( 'NONE',  ( 16.00000000000000000, 15.49949493661166322, -18.50000000000001776 ) ) ;
#514 = AXIS2_PLACEMENT_3D ( 'NONE', #456, #2465, #667 ) ;
#515 = CARTESIAN_POINT ( 'NONE',  ( -31.50000000000000000, 0.000000000000000000, 18.50000000000000711 ) ) ;
#516 = EDGE_CURVE ( 'NONE', #607, #2843, #649, .T. ) ;
#517 = ORIENTED_EDGE ( 'NONE', *, *, #773, .F. ) ;
#518 = VECTOR ( 'NONE', #1191, 1000.000000000000000 ) ;
#519 = ORIENTED_EDGE ( 'NONE', *, *, #284, .T. ) ;
#520 = VERTEX_POINT ( 'NONE', #873 ) ;
#521 = EDGE_CURVE ( 'NONE', #782, #1307, #2402, .T. ) ;
#522 = CARTESIAN_POINT ( 'NONE',  ( -33.79999999999997584, 0.000000000000000000, 23.00000000000000355 ) ) ;
#523 = CARTESIAN_POINT ( 'NONE',  ( 16.00000000000000000, 21.34213562373095741, -18.50000000000001776 ) ) ;
#524 = AXIS2_PLACEMENT_3D ( 'NONE', #2118, #148, #997 ) ;
#525 = CARTESIAN_POINT ( 'NONE',  ( 16.00000000000000000, 0.000000000000000000, -23.00000000000001066 ) ) ;
#526 = CARTESIAN_POINT ( 'NONE',  ( 16.00000000000000000, 5.599999999999999645, 16.80000000000000071 ) ) ;
#527 = VECTOR ( 'NONE', #24, 1000.000000000000000 ) ;
#528 = DIRECTION ( 'NONE',  ( 1.000000000000000000, 0.000000000000000000, 0.000000000000000000 ) ) ;
#529 = FACE_OUTER_BOUND ( 'NONE', #2813, .T. ) ;
#530 = VERTEX_POINT ( 'NONE', #183 ) ;
#531 = ORIENTED_EDGE ( 'NONE', *, *, #281, .F. ) ;
#532 = ORIENTED_EDGE ( 'NONE', *, *, #1123, .T. ) ;
#533 = DIRECTION ( 'NONE',  ( -1.000000000000000000, -0.000000000000000000, 1.539695392878823672E-16 ) ) ;
#534 = CARTESIAN_POINT ( 'NONE',  ( 19.36303434416005231, 5.600000000000000533, -22.20000000000000639 ) ) ;
#535 = CARTESIAN_POINT ( 'NONE',  ( -28.13696565583994413, 21.34213562373095741, 22.19999999999999929 ) ) ;
#536 = CIRCLE ( 'NONE', #1999, 4.500000000000000888 ) ;
#537 = FACE_OUTER_BOUND ( 'NONE', #2739, .T. ) ;
#538 = DIRECTION ( 'NONE',  ( -0.000000000000000000, -1.000000000000000000, -0.000000000000000000 ) ) ;
#539 = DIRECTION ( 'NONE',  ( 0.000000000000000000, 0.000000000000000000, -1.000000000000000000 ) ) ;
#540 = ADVANCED_FACE ( 'NONE', ( #1546 ), #1092, .F. ) ;
#541 = ITEM_DEFINED_TRANSFORMATION ( 'NONE', 'NONE', #2607,  #876 ) ;
#542 = DIRECTION ( 'NONE',  ( 0.000000000000000000, 0.000000000000000000, -1.000000000000000000 ) ) ;
#543 = EDGE_CURVE ( 'NONE', #882, #1186, #2287, .T. ) ;
#544 = VERTEX_POINT ( 'NONE', #2888 ) ;
#545 = EDGE_CURVE ( 'NONE', #1186, #1913, #1013, .T. ) ;
#546 = EDGE_CURVE ( 'NONE', #330, #1387, #2662, .T. ) ;
#547 = ORIENTED_EDGE ( 'NONE', *, *, #95, .F. ) ;
#548 = ORIENTED_EDGE ( 'NONE', *, *, #2136, .F. ) ;
#549 = DIRECTION ( 'NONE',  ( 0.000000000000000000, 0.01745240643728354982, 0.9998476951563912696 ) ) ;
#550 = AXIS2_PLACEMENT_3D ( 'NONE', #2432, #454, #1948 ) ;
#551 = DIRECTION ( 'NONE',  ( 0.000000000000000000, 0.000000000000000000, -1.000000000000000000 ) ) ;
#552 = AXIS2_PLACEMENT_3D ( 'NONE', #709, #945, #1602 ) ;
#553 = DIRECTION ( 'NONE',  ( 0.000000000000000000, 0.000000000000000000, -1.000000000000000000 ) ) ;
#554 = CARTESIAN_POINT ( 'NONE',  ( 33.79999999999997584, 5.599999999999999645, 22.19999999999999218 ) ) ;
#555 = CARTESIAN_POINT ( 'NONE',  ( -33.79999999999999716, 7.200000000000000178, -20.80000000000000426 ) ) ;
#556 = DIRECTION ( 'NONE',  ( 1.000000000000000000, 0.000000000000000000, 0.000000000000000000 ) ) ;
#557 = EDGE_LOOP ( 'NONE', ( #2629, #1362, #2003, #1638, #2294 ) ) ;
#558 = ORIENTED_EDGE ( 'NONE', *, *, #368, .F. ) ;
#559 = VECTOR ( 'NONE', #500, 1000.000000000000000 ) ;
#560 = ORIENTED_EDGE ( 'NONE', *, *, #2661, .T. ) ;
#561 = VECTOR ( 'NONE', #842, 1000.000000000000114 ) ;
#562 = VERTEX_POINT ( 'NONE', #1486 ) ;
#563 = CARTESIAN_POINT ( 'NONE',  ( -31.50000000000000000, 21.34213562373095741, -18.50000000000001776 ) ) ;
#564 = CARTESIAN_POINT ( 'NONE',  ( -35.82792810388514226, 7.200000000000000178, 20.79999999999999005 ) ) ;
#565 = CIRCLE ( 'NONE', #2155, 1.999999999999998224 ) ;
#566 = DIRECTION ( 'NONE',  ( 0.000000000000000000, 1.000000000000000000, -0.000000000000000000 ) ) ;
#567 = CARTESIAN_POINT ( 'NONE',  ( -35.79999999999999716, 8.800000000000000711, -20.79999999999997584 ) ) ;
#568 = CARTESIAN_POINT ( 'NONE',  ( -33.80000000000000426, 2.400000000000000355, -21.39999999999999858 ) ) ;
#569 = DIRECTION ( 'NONE',  ( -1.539695392878823672E-16, 0.000000000000000000, -1.000000000000000000 ) ) ;
#570 =( LENGTH_UNIT ( ) NAMED_UNIT ( * ) SI_UNIT ( .MILLI., .METRE. ) );
#571 = AXIS2_PLACEMENT_3D ( 'NONE', #386, #1286, #2405 ) ;
#572 = ORIENTED_EDGE ( 'NONE', *, *, #1924, .T. ) ;
#573 = ORIENTED_EDGE ( 'NONE', *, *, #497, .F. ) ;
#574 = DIRECTION ( 'NONE',  ( 0.000000000000000000, 0.000000000000000000, -1.000000000000000000 ) ) ;
#575 = EDGE_LOOP ( 'NONE', ( #316, #2152, #124, #1521 ) ) ;
#576 = EDGE_LOOP ( 'NONE', ( #1478, #288, #2469, #805 ) ) ;
#577 = DIRECTION ( 'NONE',  ( -0.000000000000000000, -1.000000000000000000, -0.000000000000000000 ) ) ;
#578 = LINE ( 'NONE', #1468, #1122 ) ;
#579 = EDGE_CURVE ( 'NONE', #1640, #1689, #2386, .T. ) ;
#580 = EDGE_CURVE ( 'NONE', #509, #1913, #1774, .T. ) ;
#581 = DIRECTION ( 'NONE',  ( 0.9998476951563911586, 0.01745240643728354982, 1.667749297297207686E-16 ) ) ;
#582 = DIRECTION ( 'NONE',  ( 0.000000000000000000, 1.000000000000000000, -0.000000000000000000 ) ) ;
#583 = LINE ( 'NONE', #2353, #2334 ) ;
#584 = ADVANCED_FACE ( 'NONE', ( #844, #2618 ), #1504, .T. ) ;
#585 = EDGE_CURVE ( 'NONE', #896, #820, #1985, .T. ) ;
#586 = VECTOR ( 'NONE', #2366, 1000.000000000000000 ) ;
#587 = CARTESIAN_POINT ( 'NONE',  ( -31.50000000000000000, 4.099999999999999645, 18.50000000000000711 ) ) ;
#588 = ORIENTED_EDGE ( 'NONE', *, *, #1576, .T. ) ;
#589 = CARTESIAN_POINT ( 'NONE',  ( 35.19999999999999574, 7.200000000000000178, -20.80000000000000426 ) ) ;
#590 = EDGE_CURVE ( 'NONE', #923, #1596, #1156, .T. ) ;
#591 = ORIENTED_EDGE ( 'NONE', *, *, #886, .T. ) ;
#592 = EDGE_LOOP ( 'NONE', ( #629, #1274, #2043, #662 ) ) ;
#593 = ORIENTED_EDGE ( 'NONE', *, *, #1423, .T. ) ;
#594 = CARTESIAN_POINT ( 'NONE',  ( -35.79999999999999716, 8.800000000000000711, -20.79999999999997584 ) ) ;
#595 = DIRECTION ( 'NONE',  ( 1.000000000000000000, 0.000000000000000000, -1.539695392878823672E-16 ) ) ;
#596 = VECTOR ( 'NONE', #133, 1000.000000000000227 ) ;
#597 = FACE_OUTER_BOUND ( 'NONE', #1961, .T. ) ;
#598 = LINE ( 'NONE', #554, #214 ) ;
#599 = PLANE ( 'NONE',  #514 ) ;
#600 = ORIENTED_EDGE ( 'NONE', *, *, #2661, .F. ) ;
#601 = DIRECTION ( 'NONE',  ( -1.000000000000000000, 0.000000000000000000, 0.000000000000000000 ) ) ;
#602 = AXIS2_PLACEMENT_3D ( 'NONE', #1520, #660, #823 ) ;
#603 = LINE ( 'NONE', #152, #2451 ) ;
#604 = ORIENTED_EDGE ( 'NONE', *, *, #1320, .T. ) ;
#605 = LINE ( 'NONE', #864, #424 ) ;
#606 = SHAPE_REPRESENTATION ( '\X2\4e0b58f3\X0\2', ( #876 ), #1621 ) ;
#607 = VERTEX_POINT ( 'NONE', #1170 ) ;
#608 = CARTESIAN_POINT ( 'NONE',  ( -31.50000000000000000, 0.000000000000000000, -18.50000000000001776 ) ) ;
#609 = ORIENTED_EDGE ( 'NONE', *, *, #2742, .T. ) ;
#610 = EDGE_CURVE ( 'NONE', #2175, #113, #2065, .T. ) ;
#611 = ORIENTED_EDGE ( 'NONE', *, *, #2833, .F. ) ;
#612 = CARTESIAN_POINT ( 'NONE',  ( -33.79999999999997584, 0.8000000000000003775, -23.80000000000000071 ) ) ;
#613 = PLANE ( 'NONE',  #1619 ) ;
#614 = EDGE_CURVE ( 'NONE', #2638, #740, #1667, .T. ) ;
#615 = DIRECTION ( 'NONE',  ( 0.000000000000000000, 1.000000000000000000, -0.000000000000000000 ) ) ;
#616 = DIRECTION ( 'NONE',  ( 1.000000000000000000, 0.000000000000000000, -1.539695392878823672E-16 ) ) ;
#617 = LINE ( 'NONE', #181, #2150 ) ;
#618 = EDGE_CURVE ( 'NONE', #1061, #1186, #1188, .T. ) ;
#619 = AXIS2_PLACEMENT_3D ( 'NONE', #2571, #1909, #551 ) ;
#620 = CARTESIAN_POINT ( 'NONE',  ( -33.79999999999999716, 4.099999999999999645, 20.80000000000000426 ) ) ;
#621 = ORIENTED_EDGE ( 'NONE', *, *, #2746, .F. ) ;
#622 = CARTESIAN_POINT ( 'NONE',  ( 35.82792810388514226, 7.200000000000000178, 20.80000000000001137 ) ) ;
#623 = AXIS2_PLACEMENT_3D ( 'NONE', #2541, #549, #2786 ) ;
#624 = CYLINDRICAL_SURFACE ( 'NONE', #2376, 0.7999999999999986011 ) ;
#625 = VERTEX_POINT ( 'NONE', #2716 ) ;
#626 = VERTEX_POINT ( 'NONE', #976 ) ;
#627 = DIRECTION ( 'NONE',  ( 0.000000000000000000, 0.000000000000000000, -1.000000000000000000 ) ) ;
#628 = CARTESIAN_POINT ( 'NONE',  ( 36.90423776759359242, 5.913487744281863634, 14.79999999999998828 ) ) ;
#629 = ORIENTED_EDGE ( 'NONE', *, *, #995, .T. ) ;
#630 = CARTESIAN_POINT ( 'NONE',  ( -35.82822418385246976, 7.183037590033473307, -14.79999999999997407 ) ) ;
#631 = DIRECTION ( 'NONE',  ( 1.000000000000000000, -0.000000000000000000, -1.539695392878823672E-16 ) ) ;
#632 = CARTESIAN_POINT ( 'NONE',  ( -33.79999999999999716, 4.099999999999999645, 20.80000000000000426 ) ) ;
#633 = CARTESIAN_POINT ( 'NONE',  ( -31.50000000000000000, 5.599999999999999645, -20.20000000000001705 ) ) ;
#634 = ORIENTED_EDGE ( 'NONE', *, *, #2799, .F. ) ;
#635 = EDGE_CURVE ( 'NONE', #651, #2700, #77, .T. ) ;
#636 = CARTESIAN_POINT ( 'NONE',  ( -35.20000000000000284, 5.599999999999999645, 20.79999999999998295 ) ) ;
#637 = ORIENTED_EDGE ( 'NONE', *, *, #481, .F. ) ;
#638 = ORIENTED_EDGE ( 'NONE', *, *, #886, .F. ) ;
#639 = EDGE_CURVE ( 'NONE', #1178, #1071, #1916, .T. ) ;
#640 = CARTESIAN_POINT ( 'NONE',  ( -31.50000000000000000, 4.099999999999999645, -18.50000000000001776 ) ) ;
#641 = CYLINDRICAL_SURFACE ( 'NONE', #728, 3.499999999999999556 ) ;
#642 = DIRECTION ( 'NONE',  ( 0.000000000000000000, 0.000000000000000000, -1.000000000000000000 ) ) ;
#643 = AXIS2_PLACEMENT_3D ( 'NONE', #1442, #2351, #2336 ) ;
#644 = CARTESIAN_POINT ( 'NONE',  ( 33.79999999999999005, 8.800000000000000711, 22.19999999999999574 ) ) ;
#645 = VECTOR ( 'NONE', #853, 1000.000000000000000 ) ;
#646 = EDGE_LOOP ( 'NONE', ( #2628, #903, #881, #2486 ) ) ;
#647 = DIRECTION ( 'NONE',  ( 0.000000000000000000, 0.000000000000000000, -1.000000000000000000 ) ) ;
#648 = FACE_OUTER_BOUND ( 'NONE', #2092, .T. ) ;
#649 = CIRCLE ( 'NONE', #2522, 3.499999999999999556 ) ;
#650 = ORIENTED_EDGE ( 'NONE', *, *, #585, .F. ) ;
#651 = VERTEX_POINT ( 'NONE', #962 ) ;
#652 = DIRECTION ( 'NONE',  ( 0.000000000000000000, -1.000000000000000000, 0.000000000000000000 ) ) ;
#653 = DIRECTION ( 'NONE',  ( -1.000000000000000000, 0.000000000000000000, 1.539695392878823918E-16 ) ) ;
#654 = AXIS2_PLACEMENT_3D ( 'NONE', #513, #2299, #2084 ) ;
#655 = DIRECTION ( 'NONE',  ( 1.000000000000000000, -0.000000000000000000, -1.539695392878823918E-16 ) ) ;
#656 = DIRECTION ( 'NONE',  ( -0.000000000000000000, -1.000000000000000000, -0.000000000000000000 ) ) ;
#657 = DIRECTION ( 'NONE',  ( 0.000000000000000000, 0.000000000000000000, -1.000000000000000000 ) ) ;
#658 = AXIS2_PLACEMENT_3D ( 'NONE', #305, #1627, #1850 ) ;
#659 = LINE ( 'NONE', #905, #2722 ) ;
#660 = DIRECTION ( 'NONE',  ( 0.000000000000000000, 1.000000000000000000, -0.000000000000000000 ) ) ;
#661 = ORIENTED_EDGE ( 'NONE', *, *, #2144, .F. ) ;
#662 = ORIENTED_EDGE ( 'NONE', *, *, #2550, .F. ) ;
#663 = CARTESIAN_POINT ( 'NONE',  ( 16.00000000000000000, 21.34213562373095741, 13.50000000000000533 ) ) ;
#664 = DIRECTION ( 'NONE',  ( -0.000000000000000000, -1.000000000000000000, -0.000000000000000000 ) ) ;
#665 = AXIS2_PLACEMENT_3D ( 'NONE', #1221, #1267, #1235 ) ;
#666 = FACE_OUTER_BOUND ( 'NONE', #1875, .T. ) ;
#667 = DIRECTION ( 'NONE',  ( 0.000000000000000000, 0.000000000000000000, 1.000000000000000000 ) ) ;
#668 = ADVANCED_FACE ( 'NONE', ( #1876 ), #491, .T. ) ;
#669 = AXIS2_PLACEMENT_3D ( 'NONE', #1144, #1796, #1852 ) ;
#670 = EDGE_CURVE ( 'NONE', #1034, #1117, #2512, .T. ) ;
#671 = EDGE_CURVE ( 'NONE', #1585, #676, #1159, .T. ) ;
#672 = DIRECTION ( 'NONE',  ( 0.000000000000000000, 0.000000000000000000, -1.000000000000000000 ) ) ;
#673 = EDGE_CURVE ( 'NONE', #772, #1277, #2410, .T. ) ;
#674 = DIRECTION ( 'NONE',  ( 1.000000000000000000, 0.000000000000000000, -1.539695392878823672E-16 ) ) ;
#675 = EDGE_CURVE ( 'NONE', #2641, #562, #1541, .T. ) ;
#676 = VERTEX_POINT ( 'NONE', #1224 ) ;
#677 = ORIENTED_EDGE ( 'NONE', *, *, #2625, .F. ) ;
#678 = DIRECTION ( 'NONE',  ( 0.000000000000000000, -0.000000000000000000, -1.000000000000000000 ) ) ;
#679 = DIRECTION ( 'NONE',  ( -0.000000000000000000, -1.000000000000000000, -0.000000000000000000 ) ) ;
#680 = ORIENTED_EDGE ( 'NONE', *, *, #671, .F. ) ;
#681 = ORIENTED_EDGE ( 'NONE', *, *, #337, .T. ) ;
#682 = FACE_OUTER_BOUND ( 'NONE', #1069, .T. ) ;
#683 = DIRECTION ( 'NONE',  ( 1.000000000000000000, -0.000000000000000000, -1.224646799147353207E-16 ) ) ;
#684 = AXIS2_PLACEMENT_3D ( 'NONE', #1507, #1037, #2671 ) ;
#685 = CARTESIAN_POINT ( 'NONE',  ( 16.00000000000000000, 4.099999999999999645, -18.50000000000001776 ) ) ;
#686 = ORIENTED_EDGE ( 'NONE', *, *, #2094, .T. ) ;
#687 = CIRCLE ( 'NONE', #1062, 1.700000000000000178 ) ;
#688 = VERTEX_POINT ( 'NONE', #2123 ) ;
#689 = FACE_BOUND ( 'NONE', #2211, .T. ) ;
#690 = EDGE_CURVE ( 'NONE', #1538, #2700, #126, .T. ) ;
#691 = ORIENTED_EDGE ( 'NONE', *, *, #1673, .F. ) ;
#692 = ORIENTED_EDGE ( 'NONE', *, *, #1601, .T. ) ;
#693 = CARTESIAN_POINT ( 'NONE',  ( 33.79999999999999716, 0.000000000000000000, 20.79999999999999361 ) ) ;
#694 = CARTESIAN_POINT ( 'NONE',  ( 33.79999999999997584, 7.200000000000000178, 23.79999999999999005 ) ) ;
#695 = AXIS2_PLACEMENT_3D ( 'NONE', #1219, #120, #2823 ) ;
#696 = CARTESIAN_POINT ( 'NONE',  ( 33.79999999999997584, 5.599999999999999645, -22.20000000000000995 ) ) ;
#697 = DIRECTION ( 'NONE',  ( 0.000000000000000000, 0.000000000000000000, -1.000000000000000000 ) ) ;
#698 = EDGE_CURVE ( 'NONE', #2249, #1138, #2670, .T. ) ;
#699 = DIRECTION ( 'NONE',  ( 0.000000000000000000, 1.000000000000000000, -0.000000000000000000 ) ) ;
#700 = ORIENTED_EDGE ( 'NONE', *, *, #1316, .F. ) ;
#701 = ORIENTED_EDGE ( 'NONE', *, *, #1275, .F. ) ;
#702 = CARTESIAN_POINT ( 'NONE',  ( 33.79999999999998295, 0.8000000000000000444, -23.00000000000001421 ) ) ;
#703 = EDGE_CURVE ( 'NONE', #1818, #854, #141, .T. ) ;
#704 = ORIENTED_EDGE ( 'NONE', *, *, #716, .T. ) ;
#705 = ORIENTED_EDGE ( 'NONE', *, *, #1276, .F. ) ;
#706 = CARTESIAN_POINT ( 'NONE',  ( -35.82792810388515647, 7.200000000000000178, -14.79999999999997407 ) ) ;
#707 = VECTOR ( 'NONE', #2204, 1000.000000000000000 ) ;
#708 = CARTESIAN_POINT ( 'NONE',  ( -36.00000000000000000, 0.000000000000000000, -18.50000000000001776 ) ) ;
#709 = CARTESIAN_POINT ( 'NONE',  ( 36.90423776759359242, 5.913487744281863634, -14.79999999999997407 ) ) ;
#710 = DIRECTION ( 'NONE',  ( -0.000000000000000000, -1.000000000000000000, -0.000000000000000000 ) ) ;
#711 = AXIS2_PLACEMENT_3D ( 'NONE', #301, #785, #542 ) ;
#712 = DIRECTION ( 'NONE',  ( 0.000000000000000000, 0.000000000000000000, -1.000000000000000000 ) ) ;
#713 = EDGE_LOOP ( 'NONE', ( #1051, #317, #1373, #30 ) ) ;
#714 = ORIENTED_EDGE ( 'NONE', *, *, #750, .F. ) ;
#715 = FACE_OUTER_BOUND ( 'NONE', #1388, .T. ) ;
#716 = EDGE_CURVE ( 'NONE', #923, #2549, #2573, .T. ) ;
#717 = ORIENTED_EDGE ( 'NONE', *, *, #1303, .F. ) ;
#718 = AXIS2_PLACEMENT_3D ( 'NONE', #1310, #883, #395 ) ;
#719 = ORIENTED_EDGE ( 'NONE', *, *, #618, .T. ) ;
#720 =( NAMED_UNIT ( * ) SI_UNIT ( $, .STERADIAN. ) SOLID_ANGLE_UNIT ( ) );
#721 = CARTESIAN_POINT ( 'NONE',  ( -35.20000000000000284, 2.399999999999999467, -15.13696565583996900 ) ) ;
#722 = DIRECTION ( 'NONE',  ( 0.000000000000000000, 0.000000000000000000, -1.000000000000000000 ) ) ;
#723 = CARTESIAN_POINT ( 'NONE',  ( -35.79999999999999716, 8.800000000000000711, 14.79999999999997584 ) ) ;
#724 = EDGE_CURVE ( 'NONE', #1360, #2365, #981, .T. ) ;
#725 = CARTESIAN_POINT ( 'NONE',  ( -33.79999999999999005, 7.200000000000000178, -22.82792810388515647 ) ) ;
#726 = EDGE_LOOP ( 'NONE', ( #157, #1160, #191, #2157, #2317, #2345, #1271, #333, #588, #1891 ) ) ;
#727 = EDGE_LOOP ( 'NONE', ( #427, #1226, #374, #2266 ) ) ;
#728 = AXIS2_PLACEMENT_3D ( 'NONE', #1768, #1727, #2849 ) ;
#729 = CIRCLE ( 'NONE', #2656, 2.027928103885152211 ) ;
#730 = ORIENTED_EDGE ( 'NONE', *, *, #1831, .T. ) ;
#731 = ORIENTED_EDGE ( 'NONE', *, *, #2765, .T. ) ;
#732 = DIRECTION ( 'NONE',  ( 0.000000000000000000, 0.000000000000000000, -1.000000000000000000 ) ) ;
#733 = LINE ( 'NONE', #2283, #2212 ) ;
#734 = DIRECTION ( 'NONE',  ( 0.000000000000000000, 0.000000000000000000, -1.000000000000000000 ) ) ;
#735 = CARTESIAN_POINT ( 'NONE',  ( -27.72220601485757285, 1.688057992670812801, 21.77750226050725502 ) ) ;
#736 = CIRCLE ( 'NONE', #431, 0.8000000000000020428 ) ;
#737 = DIRECTION ( 'NONE',  ( 0.000000000000000000, 0.000000000000000000, -1.000000000000000000 ) ) ;
#738 = FACE_BOUND ( 'NONE', #2078, .T. ) ;
#739 = EDGE_LOOP ( 'NONE', ( #908, #318, #1114, #1036 ) ) ;
#740 = VERTEX_POINT ( 'NONE', #760 ) ;
#741 = VECTOR ( 'NONE', #2038, 1000.000000000000000 ) ;
#742 = ORIENTED_EDGE ( 'NONE', *, *, #2664, .F. ) ;
#743 = CARTESIAN_POINT ( 'NONE',  ( 33.79999999999996874, 8.800000000000000711, -22.80000000000001137 ) ) ;
#744 = CARTESIAN_POINT ( 'NONE',  ( 33.79999999999997584, 0.000000000000000000, -23.00000000000001421 ) ) ;
#745 = AXIS2_PLACEMENT_3D ( 'NONE', #1133, #1808, #2703 ) ;
#746 = EDGE_CURVE ( 'NONE', #1258, #2482, #1661, .T. ) ;
#747 = LINE ( 'NONE', #1649, #960 ) ;
#748 = LINE ( 'NONE', #1427, #870 ) ;
#749 = CARTESIAN_POINT ( 'NONE',  ( -34.59681244666465005, 1.618569107773515370, -14.57272344594994173 ) ) ;
#750 = EDGE_CURVE ( 'NONE', #1436, #2085, #25, .T. ) ;
#751 = AXIS2_PLACEMENT_3D ( 'NONE', #2185, #985, #2340 ) ;
#752 = EDGE_CURVE ( 'NONE', #756, #896, #2885, .T. ) ;
#753 = EDGE_CURVE ( 'NONE', #1926, #772, #198, .T. ) ;
#754 = DIRECTION ( 'NONE',  ( 0.000000000000000000, -1.000000000000000000, 0.000000000000000000 ) ) ;
#755 = AXIS2_PLACEMENT_3D ( 'NONE', #2399, #399, #642 ) ;
#756 = VERTEX_POINT ( 'NONE', #8 ) ;
#757 = ORIENTED_EDGE ( 'NONE', *, *, #2877, .F. ) ;
#758 = FACE_BOUND ( 'NONE', #2495, .T. ) ;
#759 = CARTESIAN_POINT ( 'NONE',  ( 33.79999999999997584, 8.800000000000000711, -22.20000000000000995 ) ) ;
#760 = CARTESIAN_POINT ( 'NONE',  ( 35.19999999999999574, 2.400000000000000355, -20.80000000000000426 ) ) ;
#761 = VECTOR ( 'NONE', #103, 1000.000000000000000 ) ;
#762 = CARTESIAN_POINT ( 'NONE',  ( -31.50000000000000000, 5.599999999999999645, -18.50000000000001776 ) ) ;
#763 = FACE_OUTER_BOUND ( 'NONE', #1901, .T. ) ;
#764 = FACE_OUTER_BOUND ( 'NONE', #112, .T. ) ;
#765 = DIRECTION ( 'NONE',  ( 0.000000000000000000, -0.000000000000000000, -1.000000000000000000 ) ) ;
#766 = DIRECTION ( 'NONE',  ( -0.000000000000000000, -1.000000000000000000, -0.000000000000000000 ) ) ;
#767 = AXIS2_PLACEMENT_3D ( 'NONE', #1382, #2750, #722 ) ;
#768 = EDGE_LOOP ( 'NONE', ( #1862, #1265, #2565, #1084 ) ) ;
#769 = DIRECTION ( 'NONE',  ( -0.000000000000000000, -1.000000000000000000, 0.000000000000000000 ) ) ;
#770 = EDGE_LOOP ( 'NONE', ( #2189, #1473 ) ) ;
#771 = CIRCLE ( 'NONE', #2327, 0.5999999999999998668 ) ;
#772 = VERTEX_POINT ( 'NONE', #2182 ) ;
#773 = EDGE_CURVE ( 'NONE', #504, #2109, #2227, .T. ) ;
#774 = CARTESIAN_POINT ( 'NONE',  ( -31.50000000000000000, 4.099999999999999645, -18.50000000000001776 ) ) ;
#775 = AXIS2_PLACEMENT_3D ( 'NONE', #1887, #2106, #1448 ) ;
#776 = AXIS2_PLACEMENT_3D ( 'NONE', #2247, #502, #238 ) ;
#777 = CARTESIAN_POINT ( 'NONE',  ( 35.79999999999999716, 8.800000000000000711, -20.80000000000000071 ) ) ;
#778 = CARTESIAN_POINT ( 'NONE',  ( -31.50000000000000000, 4.099999999999999645, -22.00000000000001776 ) ) ;
#779 = DIRECTION ( 'NONE',  ( 0.000000000000000000, 0.000000000000000000, -1.000000000000000000 ) ) ;
#780 = AXIS2_PLACEMENT_3D ( 'NONE', #1938, #601, #2855 ) ;
#781 = FACE_OUTER_BOUND ( 'NONE', #941, .T. ) ;
#782 = VERTEX_POINT ( 'NONE', #212 ) ;
#783 = FACE_OUTER_BOUND ( 'NONE', #76, .T. ) ;
#784 = SHAPE_DEFINITION_REPRESENTATION ( #144, #606 ) ;
#785 = DIRECTION ( 'NONE',  ( 0.000000000000000000, 1.000000000000000000, -0.000000000000000000 ) ) ;
#786 = EDGE_LOOP ( 'NONE', ( #1103, #2315, #1485, #487 ) ) ;
#787 = AXIS2_PLACEMENT_3D ( 'NONE', #2616, #2119, #2601 ) ;
#788 = ORIENTED_EDGE ( 'NONE', *, *, #2878, .T. ) ;
#789 = EDGE_CURVE ( 'NONE', #651, #207, #415, .T. ) ;
#790 = VECTOR ( 'NONE', #1020, 1000.000000000000000 ) ;
#791 = EDGE_CURVE ( 'NONE', #28, #348, #2067, .T. ) ;
#792 = ORIENTED_EDGE ( 'NONE', *, *, #2477, .T. ) ;
#793 = ADVANCED_FACE ( 'NONE', ( #2646 ), #2163, .F. ) ;
#794 = DIRECTION ( 'NONE',  ( 0.000000000000000000, 0.000000000000000000, -1.000000000000000000 ) ) ;
#795 = EDGE_CURVE ( 'NONE', #207, #291, #829, .T. ) ;
#796 = DIRECTION ( 'NONE',  ( -0.000000000000000000, -1.000000000000000000, -0.000000000000000000 ) ) ;
#797 = EDGE_CURVE ( 'NONE', #1450, #2142, #2805, .T. ) ;
#798 = CIRCLE ( 'NONE', #2810, 4.999999999999997335 ) ;
#799 = LINE ( 'NONE', #1881, #1769 ) ;
#800 = CARTESIAN_POINT ( 'NONE',  ( 33.79999999999997584, 7.200000000000000178, -22.20000000000000995 ) ) ;
#801 = ADVANCED_FACE ( 'NONE', ( #2434 ), #2867, .T. ) ;
#802 = LINE ( 'NONE', #108, #1971 ) ;
#803 = CARTESIAN_POINT ( 'NONE',  ( 33.79999999999999716, 0.8000000000000003775, -20.80000000000001137 ) ) ;
#804 = AXIS2_PLACEMENT_3D ( 'NONE', #803, #2591, #2778 ) ;
#805 = ORIENTED_EDGE ( 'NONE', *, *, #1798, .T. ) ;
#806 = CARTESIAN_POINT ( 'NONE',  ( 16.00000000000000000, 21.34213562373095741, 18.50000000000000355 ) ) ;
#807 = ORIENTED_EDGE ( 'NONE', *, *, #194, .F. ) ;
#808 = DIRECTION ( 'NONE',  ( 0.000000000000000000, 0.000000000000000000, -1.000000000000000000 ) ) ;
#809 = ORIENTED_EDGE ( 'NONE', *, *, #2659, .F. ) ;
#810 = AXIS2_PLACEMENT_3D ( 'NONE', #515, #1653, #1431 ) ;
#811 = VERTEX_POINT ( 'NONE', #1997 ) ;
#812 = FACE_OUTER_BOUND ( 'NONE', #592, .T. ) ;
#813 = DIRECTION ( 'NONE',  ( 0.000000000000000000, -0.000000000000000000, -1.000000000000000000 ) ) ;
#814 = CARTESIAN_POINT ( 'NONE',  ( -31.50000000000000000, 4.099999999999999645, -16.80000000000001492 ) ) ;
#815 = DIRECTION ( 'NONE',  ( 0.000000000000000000, 0.000000000000000000, -1.000000000000000000 ) ) ;
#816 = DIRECTION ( 'NONE',  ( 0.000000000000000000, 0.000000000000000000, -1.000000000000000000 ) ) ;
#817 = CIRCLE ( 'NONE', #1096, 0.7999999999999986011 ) ;
#818 = CYLINDRICAL_SURFACE ( 'NONE', #2680, 5.000000000000000888 ) ;
#819 = EDGE_CURVE ( 'NONE', #1596, #1937, #1418, .T. ) ;
#820 = VERTEX_POINT ( 'NONE', #1559 ) ;
#821 = LINE ( 'NONE', #2844, #50 ) ;
#822 = ORIENTED_EDGE ( 'NONE', *, *, #2765, .F. ) ;
#823 = DIRECTION ( 'NONE',  ( 0.000000000000000000, 0.000000000000000000, -1.000000000000000000 ) ) ;
#824 = ADVANCED_FACE ( 'NONE', ( #666 ), #432, .T. ) ;
#825 = VERTEX_POINT ( 'NONE', #1296 ) ;
#826 = ORIENTED_EDGE ( 'NONE', *, *, #2659, .T. ) ;
#827 = FACE_OUTER_BOUND ( 'NONE', #357, .T. ) ;
#828 = CYLINDRICAL_SURFACE ( 'NONE', #1, 1.400000000000001910 ) ;
#829 = B_SPLINE_CURVE_WITH_KNOTS ( 'NONE', 3,
 ( #2011, #1107, #2677, #2419, #1967, #166, #1089, #446, #1783, #1980 ),
 .UNSPECIFIED., .F., .F.,
 ( 4, 2, 2, 2, 4 ),
 ( 8.673617379884035472E-19, 0.0003651328685236814140, 0.0007302657370473619606, 0.001095398605571042561, 0.001460531474094723054 ),
 .UNSPECIFIED. ) ;
#830 = CIRCLE ( 'NONE', #684, 3.499999999999999556 ) ;
#831 = FACE_OUTER_BOUND ( 'NONE', #2797, .T. ) ;
#832 = DIRECTION ( 'NONE',  ( 1.668003342285392537E-16, 0.000000000000000000, 1.000000000000000000 ) ) ;
#833 = FACE_BOUND ( 'NONE', #2274, .T. ) ;
#834 = ORIENTED_EDGE ( 'NONE', *, *, #2840, .F. ) ;
#835 = CARTESIAN_POINT ( 'NONE',  ( 16.00000000000000000, 15.49949493661166322, 18.50000000000000355 ) ) ;
#836 = CARTESIAN_POINT ( 'NONE',  ( -33.79999999999999005, 8.800000000000000711, -22.80000000000000782 ) ) ;
#837 = ORIENTED_EDGE ( 'NONE', *, *, #2236, .F. ) ;
#838 = CIRCLE ( 'NONE', #2570, 1.400000000000001910 ) ;
#839 = ORIENTED_EDGE ( 'NONE', *, *, #2877, .T. ) ;
#840 = CARTESIAN_POINT ( 'NONE',  ( 33.79999999999999005, 7.200000000000000178, 22.19999999999999574 ) ) ;
#841 = DIRECTION ( 'NONE',  ( 0.000000000000000000, 0.000000000000000000, -1.000000000000000000 ) ) ;
#842 = DIRECTION ( 'NONE',  ( -0.01745240643728424371, -0.9998476951563911586, -0.000000000000000000 ) ) ;
#843 = DIRECTION ( 'NONE',  ( 0.000000000000000000, 0.000000000000000000, -1.000000000000000000 ) ) ;
#844 = FACE_BOUND ( 'NONE', #1872, .T. ) ;
#845 = EDGE_CURVE ( 'NONE', #2513, #2549, #1281, .T. ) ;
#846 = DIRECTION ( 'NONE',  ( -1.000000000000000000, -0.000000000000000000, 1.539695392878823672E-16 ) ) ;
#847 = EDGE_LOOP ( 'NONE', ( #1565, #1066, #691, #2424 ) ) ;
#848 = LINE ( 'NONE', #589, #1674 ) ;
#849 = ADVANCED_FACE ( 'NONE', ( #831 ), #871, .F. ) ;
#850 = AXIS2_PLACEMENT_3D ( 'NONE', #2333, #2309, #308 ) ;
#851 = EDGE_CURVE ( 'NONE', #442, #2827, #2034, .T. ) ;
#852 = AXIS2_PLACEMENT_3D ( 'NONE', #2484, #2276, #2688 ) ;
#853 = DIRECTION ( 'NONE',  ( -0.000000000000000000, -0.000000000000000000, 1.000000000000000000 ) ) ;
#854 = VERTEX_POINT ( 'NONE', #2037 ) ;
#855 = ORIENTED_EDGE ( 'NONE', *, *, #2874, .T. ) ;
#856 = DIRECTION ( 'NONE',  ( -0.000000000000000000, -1.000000000000000000, -0.000000000000000000 ) ) ;
#857 = FACE_OUTER_BOUND ( 'NONE', #1806, .T. ) ;
#858 = AXIS2_PLACEMENT_3D ( 'NONE', #1470, #339, #779 ) ;
#859 = CARTESIAN_POINT ( 'NONE',  ( -33.79999999999999716, 8.800000000000000711, 20.80000000000000426 ) ) ;
#860 = DIRECTION ( 'NONE',  ( -0.000000000000000000, -1.000000000000000000, -0.000000000000000000 ) ) ;
#861 = DIRECTION ( 'NONE',  ( -0.01745240643728424371, -0.9998476951563911586, -0.000000000000000000 ) ) ;
#862 = CARTESIAN_POINT ( 'NONE',  ( -27.49835718376438365, 1.599999999999999645, -21.50033765193762392 ) ) ;
#863 = EDGE_LOOP ( 'NONE', ( #2005, #986, #1945, #1626, #1655, #1038, #2438, #1212, #478, #1113, #404, #2342 ) ) ;
#864 = CARTESIAN_POINT ( 'NONE',  ( 33.79999999999997584, 0.000000000000000000, -23.00000000000001421 ) ) ;
#865 = CARTESIAN_POINT ( 'NONE',  ( -33.79999999999999716, 7.200000000000000178, -22.82792810388516358 ) ) ;
#866 = VERTEX_POINT ( 'NONE', #2743 ) ;
#867 = ORIENTED_EDGE ( 'NONE', *, *, #819, .F. ) ;
#868 = CARTESIAN_POINT ( 'NONE',  ( 16.00000000000000000, 15.49949493661166322, 18.50000000000000355 ) ) ;
#869 = DIRECTION ( 'NONE',  ( 0.000000000000000000, 0.000000000000000000, -1.000000000000000000 ) ) ;
#870 = VECTOR ( 'NONE', #2298, 1000.000000000000000 ) ;
#871 = CYLINDRICAL_SURFACE ( 'NONE', #1135, 1.700000000000000178 ) ;
#872 = DIRECTION ( 'NONE',  ( -0.000000000000000000, -1.000000000000000000, -0.000000000000000000 ) ) ;
#873 = CARTESIAN_POINT ( 'NONE',  ( -35.19999999999999574, 5.599999999999999645, -20.79999999999998295 ) ) ;
#874 = AXIS2_PLACEMENT_3D ( 'NONE', #1537, #2457, #1777 ) ;
#875 = CARTESIAN_POINT ( 'NONE',  ( 33.79999999999996874, 8.800000000000000711, -22.80000000000001137 ) ) ;
#876 = AXIS2_PLACEMENT_3D ( 'NONE', #2563, #2301, #556 ) ;
#877 = CIRCLE ( 'NONE', #2519, 1.400000000000005462 ) ;
#878 = VERTEX_POINT ( 'NONE', #235 ) ;
#879 = DIRECTION ( 'NONE',  ( 0.000000000000000000, -0.000000000000000000, -1.000000000000000000 ) ) ;
#880 = VECTOR ( 'NONE', #861, 1000.000000000000114 ) ;
#881 = ORIENTED_EDGE ( 'NONE', *, *, #614, .F. ) ;
#882 = VERTEX_POINT ( 'NONE', #2068 ) ;
#883 = DIRECTION ( 'NONE',  ( -1.000000000000000000, 0.000000000000000000, 0.000000000000000000 ) ) ;
#884 = ADVANCED_FACE ( 'NONE', ( #953 ), #2024, .F. ) ;
#885 = CARTESIAN_POINT ( 'NONE',  ( -35.82822418385246976, 7.183037590033473307, 14.79999999999998828 ) ) ;
#886 = EDGE_CURVE ( 'NONE', #208, #1007, #2456, .T. ) ;
#887 = PRODUCT_DEFINITION ( 'æœ', '', #2518, #1547 ) ;
#888 = ADVANCED_FACE ( 'NONE', ( #2487 ), #1342, .F. ) ;
#889 = DIRECTION ( 'NONE',  ( 0.000000000000000000, 0.000000000000000000, -1.000000000000000000 ) ) ;
#890 = CARTESIAN_POINT ( 'NONE',  ( -33.79999999999999716, 8.800000000000000711, 20.80000000000000426 ) ) ;
#891 = ADVANCED_FACE ( 'NONE', ( #1629 ), #33, .T. ) ;
#892 = DIRECTION ( 'NONE',  ( 0.000000000000000000, 0.000000000000000000, -1.000000000000000000 ) ) ;
#893 = VECTOR ( 'NONE', #1010, 1000.000000000000000 ) ;
#894 = MANIFOLD_SOLID_BREP ( '\X2\52079664\X0\-\X2\62c94f38\X0\5', #1599 ) ;
#895 = CARTESIAN_POINT ( 'NONE',  ( -35.17049981829706695, 2.157095992382394467, 15.10406479538255198 ) ) ;
#896 = VERTEX_POINT ( 'NONE', #706 ) ;
#897 = ORIENTED_EDGE ( 'NONE', *, *, #101, .T. ) ;
#898 = CIRCLE ( 'NONE', #2447, 2.200000000000000622 ) ;
#899 = DIRECTION ( 'NONE',  ( 0.000000000000000000, -1.000000000000000000, 0.000000000000000000 ) ) ;
#900 = CARTESIAN_POINT ( 'NONE',  ( 16.00000000000000000, 5.599999999999999645, 18.50000000000000355 ) ) ;
#901 = AXIS2_PLACEMENT_3D ( 'NONE', #587, #1899, #1047 ) ;
#902 = SHAPE_REPRESENTATION ( '\X2\88c5914d4f53\X0\1', ( #2558, #2607 ), #1858 ) ;
#903 = ORIENTED_EDGE ( 'NONE', *, *, #2668, .F. ) ;
#904 = DIRECTION ( 'NONE',  ( 1.000000000000000000, 0.000000000000000000, -1.026463595252549073E-16 ) ) ;
#905 = CARTESIAN_POINT ( 'NONE',  ( -33.79999999999996874, 8.800000000000000711, 22.80000000000000071 ) ) ;
#906 = EDGE_CURVE ( 'NONE', #248, #1006, #1612, .T. ) ;
#907 = LINE ( 'NONE', #14, #2749 ) ;
#908 = ORIENTED_EDGE ( 'NONE', *, *, #2664, .T. ) ;
#909 = VERTEX_POINT ( 'NONE', #1354 ) ;
#910 = AXIS2_PLACEMENT_3D ( 'NONE', #1595, #1339, #2497 ) ;
#911 = EDGE_CURVE ( 'NONE', #100, #544, #21, .T. ) ;
#912 = DIRECTION ( 'NONE',  ( -8.673617379884051249E-15, 0.000000000000000000, -1.000000000000000000 ) ) ;
#913 = EDGE_LOOP ( 'NONE', ( #719, #254, #2359, #2429 ) ) ;
#914 = VERTEX_POINT ( 'NONE', #2296 ) ;
#915 = EDGE_CURVE ( 'NONE', #2087, #1937, #980, .T. ) ;
#916 = DIRECTION ( 'NONE',  ( 1.667495291001304242E-16, 2.910623857192612762E-18, -1.000000000000000000 ) ) ;
#917 = CARTESIAN_POINT ( 'NONE',  ( 20.00164281623560569, 1.600000000000000089, -21.50033765193762747 ) ) ;
#918 = VECTOR ( 'NONE', #2179, 1000.000000000000000 ) ;
#919 = EDGE_CURVE ( 'NONE', #178, #782, #2396, .T. ) ;
#920 = CARTESIAN_POINT ( 'NONE',  ( 36.79999999999999716, 0.8000000000000003775, -20.79999999999999361 ) ) ;
#921 = ORIENTED_EDGE ( 'NONE', *, *, #1795, .F. ) ;
#922 = CIRCLE ( 'NONE', #2560, 0.7999999999999999334 ) ;
#923 = VERTEX_POINT ( 'NONE', #494 ) ;
#924 = CYLINDRICAL_SURFACE ( 'NONE', #355, 0.7999999999999986011 ) ;
#925 = ORIENTED_EDGE ( 'NONE', *, *, #336, .F. ) ;
#926 = EDGE_LOOP ( 'NONE', ( #1902, #2031, #1763, #1568, #377, #2568 ) ) ;
#927 = CARTESIAN_POINT ( 'NONE',  ( 33.79999999999999005, 8.800000000000000711, 22.79999999999999716 ) ) ;
#928 = DIRECTION ( 'NONE',  ( 0.000000000000000000, 0.000000000000000000, -1.000000000000000000 ) ) ;
#929 = VECTOR ( 'NONE', #340, 1000.000000000000227 ) ;
#930 = FACE_OUTER_BOUND ( 'NONE', #557, .T. ) ;
#931 = CYLINDRICAL_SURFACE ( 'NONE', #1019, 2.999999999999999112 ) ;
#932 = VECTOR ( 'NONE', #2279, 1000.000000000000000 ) ;
#933 = CARTESIAN_POINT ( 'NONE',  ( -36.00000000000000000, 0.8000000000000003775, 20.79999999999998295 ) ) ;
#934 = VECTOR ( 'NONE', #1454, 1000.000000000000000 ) ;
#935 = EDGE_CURVE ( 'NONE', #187, #1913, #479, .T. ) ;
#936 = ORIENTED_EDGE ( 'NONE', *, *, #521, .F. ) ;
#937 = ORIENTED_EDGE ( 'NONE', *, *, #639, .T. ) ;
#938 = CARTESIAN_POINT ( 'NONE',  ( -35.20000000000000284, 21.34213562373095741, -15.13696565583996900 ) ) ;
#939 = ORIENTED_EDGE ( 'NONE', *, *, #121, .F. ) ;
#940 = CARTESIAN_POINT ( 'NONE',  ( 34.39999999999999858, 2.400000000000000355, -20.80000000000000782 ) ) ;
#941 = EDGE_LOOP ( 'NONE', ( #2158, #593, #950, #1167 ) ) ;
#942 = DIRECTION ( 'NONE',  ( -0.000000000000000000, 1.000000000000000000, -0.000000000000000000 ) ) ;
#943 = VECTOR ( 'NONE', #2637, 1000.000000000000227 ) ;
#944 = PLANE ( 'NONE',  #1025 ) ;
#945 = DIRECTION ( 'NONE',  ( 0.000000000000000000, 0.000000000000000000, -1.000000000000000000 ) ) ;
#946 = DIRECTION ( 'NONE',  ( 0.000000000000000000, 0.000000000000000000, 1.000000000000000000 ) ) ;
#947 = CARTESIAN_POINT ( 'NONE',  ( -35.20000000000000995, 2.275998304897866031, 15.13696565583995834 ) ) ;
#948 = ORIENTED_EDGE ( 'NONE', *, *, #2454, .F. ) ;
#949 = EDGE_LOOP ( 'NONE', ( #1539, #837, #705, #2048, #508, #1223 ) ) ;
#950 = ORIENTED_EDGE ( 'NONE', *, *, #458, .F. ) ;
#951 = AXIS2_PLACEMENT_3D ( 'NONE', #1995, #193, #176 ) ;
#952 = ORIENTED_EDGE ( 'NONE', *, *, #1320, .F. ) ;
#953 = FACE_OUTER_BOUND ( 'NONE', #2206, .T. ) ;
#954 = LINE ( 'NONE', #2488, #242 ) ;
#955 = DIRECTION ( 'NONE',  ( -0.000000000000000000, -1.000000000000000000, -0.000000000000000000 ) ) ;
#956 = CARTESIAN_POINT ( 'NONE',  ( -27.49831494567812484, 1.600000000000000533, 21.50027832807398553 ) ) ;
#957 =( NAMED_UNIT ( * ) SI_UNIT ( $, .STERADIAN. ) SOLID_ANGLE_UNIT ( ) );
#958 = PLANE ( 'NONE',  #2349 ) ;
#959 = VERTEX_POINT ( 'NONE', #259 ) ;
#960 = VECTOR ( 'NONE', #2117, 1000.000000000000000 ) ;
#961 = VECTOR ( 'NONE', #1256, 1000.000000000000114 ) ;
#962 = CARTESIAN_POINT ( 'NONE',  ( 19.36303434416005587, 5.600000000000000533, 22.19999999999999574 ) ) ;
#963 = VERTEX_POINT ( 'NONE', #927 ) ;
#964 = EDGE_CURVE ( 'NONE', #607, #230, #1598, .T. ) ;
#965 = PLANE ( 'NONE',  #1982 ) ;
#966 = CARTESIAN_POINT ( 'NONE',  ( 11.99835718376439075, 1.600000000000000089, 21.50033765193762036 ) ) ;
#967 = ADVANCED_FACE ( 'NONE', ( #1243 ), #965, .T. ) ;
#968 = ADVANCED_FACE ( 'NONE', ( #143 ), #1213, .T. ) ;
#969 = CARTESIAN_POINT ( 'NONE',  ( 16.00000000000000000, 0.9999999999999991118, 18.50000000000000355 ) ) ;
#970 = CARTESIAN_POINT ( 'NONE',  ( -27.79603262902054439, 1.737946332241486536, 21.86024367079747677 ) ) ;
#971 = B_SPLINE_CURVE_WITH_KNOTS ( 'NONE', 3,
 ( #2521, #917, #1618, #1194, #2706, #2491, #1825, #2090, #94, #2312 ),
 .UNSPECIFIED., .F., .F.,
 ( 4, 2, 2, 2, 4 ),
 ( 0.000000000000000000, 0.0003644036504520817505, 0.0007288073009041635009, 0.001093210951356245360, 0.001457614601808327002 ),
 .UNSPECIFIED. ) ;
#972 = VERTEX_POINT ( 'NONE', #2322 ) ;
#973 = ORIENTED_EDGE ( 'NONE', *, *, #851, .T. ) ;
#974 = ORIENTED_EDGE ( 'NONE', *, *, #797, .T. ) ;
#975 = CIRCLE ( 'NONE', #1784, 1.700000000000000178 ) ;
#976 = CARTESIAN_POINT ( 'NONE',  ( -31.50000000000000000, 4.099999999999999645, 15.00000000000000711 ) ) ;
#977 = EDGE_LOOP ( 'NONE', ( #609, #345, #1412, #604, #268, #422, #1564, #1327 ) ) ;
#978 = CARTESIAN_POINT ( 'NONE',  ( -36.00000000000000000, 0.8000000000000000444, 20.79999999999999005 ) ) ;
#979 = LINE ( 'NONE', #2367, #934 ) ;
#980 = CIRCLE ( 'NONE', #745, 1.000000000000000888 ) ;
#981 = LINE ( 'NONE', #535, #1399 ) ;
#982 = DIRECTION ( 'NONE',  ( 0.000000000000000000, 0.000000000000000000, -1.000000000000000000 ) ) ;
#983 = LINE ( 'NONE', #1632, #2785 ) ;
#984 = FACE_OUTER_BOUND ( 'NONE', #913, .T. ) ;
#985 = DIRECTION ( 'NONE',  ( 0.000000000000000000, 0.000000000000000000, -1.000000000000000000 ) ) ;
#986 = ORIENTED_EDGE ( 'NONE', *, *, #160, .T. ) ;
#987 = ADVANCED_FACE ( 'NONE', ( #1439 ), #1424, .T. ) ;
#988 = ORIENTED_EDGE ( 'NONE', *, *, #1880, .F. ) ;
#989 = CARTESIAN_POINT ( 'NONE',  ( 11.99831494567812307, 1.600000000000000089, -21.50027832807398909 ) ) ;
#990 = EDGE_LOOP ( 'NONE', ( #1233, #2307, #2857, #2547 ) ) ;
#991 = CARTESIAN_POINT ( 'NONE',  ( 12.63696565583994413, 2.275994956759725518, -22.20000000000000284 ) ) ;
#992 = EDGE_LOOP ( 'NONE', ( #2876, #1819, #2468, #2373 ) ) ;
#993 = DIRECTION ( 'NONE',  ( -0.000000000000000000, -1.000000000000000000, 0.000000000000000000 ) ) ;
#994 = CARTESIAN_POINT ( 'NONE',  ( -35.20000000000000284, 2.400000000000000355, 20.79999999999998295 ) ) ;
#995 = EDGE_CURVE ( 'NONE', #1292, #2248, #2027, .T. ) ;
#996 = LINE ( 'NONE', #382, #596 ) ;
#997 = DIRECTION ( 'NONE',  ( 2.081668171172166620E-14, 0.000000000000000000, -1.000000000000000000 ) ) ;
#998 = DIRECTION ( 'NONE',  ( 0.000000000000000000, 0.000000000000000000, -1.000000000000000000 ) ) ;
#999 = EDGE_CURVE ( 'NONE', #78, #676, #1126, .T. ) ;
#1000 = CARTESIAN_POINT ( 'NONE',  ( 33.79999999999999716, 8.800000000000000711, -20.80000000000001137 ) ) ;
#1001 = ORIENTED_EDGE ( 'NONE', *, *, #2138, .F. ) ;
#1002 = TOROIDAL_SURFACE ( 'NONE', #264, 4.500000000000000000, 1.000000000000000000 ) ;
#1003 = ORIENTED_EDGE ( 'NONE', *, *, #307, .T. ) ;
#1004 = CARTESIAN_POINT ( 'NONE',  ( 12.63696565583994769, 21.34213562373095741, 22.19999999999999574 ) ) ;
#1005 = EDGE_CURVE ( 'NONE', #1937, #1596, #2630, .T. ) ;
#1006 = VERTEX_POINT ( 'NONE', #1023 ) ;
#1007 = VERTEX_POINT ( 'NONE', #1227 ) ;
#1008 = PLANE ( 'NONE',  #2039 ) ;
#1009 = AXIS2_PLACEMENT_3D ( 'NONE', #608, #173, #1049 ) ;
#1010 = DIRECTION ( 'NONE',  ( -1.000000000000000000, 0.000000000000000000, 1.539695392878823672E-16 ) ) ;
#1011 = CARTESIAN_POINT ( 'NONE',  ( -27.42691762911673692, 1.600000000000000755, 21.40000000000000213 ) ) ;
#1012 = DIRECTION ( 'NONE',  ( 0.000000000000000000, -1.000000000000000000, 0.000000000000000000 ) ) ;
#1013 = CIRCLE ( 'NONE', #276, 2.999999999999999112 ) ;
#1014 = DIRECTION ( 'NONE',  ( 2.081668171172169697E-15, 0.000000000000000000, -1.000000000000000000 ) ) ;
#1015 = PRODUCT_DEFINITION_CONTEXT ( 'detailed design', #2811, 'design' ) ;
#1016 = LINE ( 'NONE', #1033, #1932 ) ;
#1017 = ORIENTED_EDGE ( 'NONE', *, *, #919, .F. ) ;
#1018 = ORIENTED_EDGE ( 'NONE', *, *, #158, .F. ) ;
#1019 = AXIS2_PLACEMENT_3D ( 'NONE', #2721, #710, #2072 ) ;
#1020 = DIRECTION ( 'NONE',  ( -0.000000000000000000, -1.000000000000000000, -0.000000000000000000 ) ) ;
#1021 = VECTOR ( 'NONE', #1904, 1000.000000000000000 ) ;
#1022 = ORIENTED_EDGE ( 'NONE', *, *, #1964, .T. ) ;
#1023 = CARTESIAN_POINT ( 'NONE',  ( -28.13696565583993348, 5.600000000000000533, -22.19999999999999929 ) ) ;
#1024 = CARTESIAN_POINT ( 'NONE',  ( 36.79999999999999716, 0.8000000000000003775, -20.79999999999999361 ) ) ;
#1025 = AXIS2_PLACEMENT_3D ( 'NONE', #2732, #916, #2529 ) ;
#1026 = EDGE_CURVE ( 'NONE', #1780, #688, #1928, .T. ) ;
#1027 = CARTESIAN_POINT ( 'NONE',  ( 33.79999999999999716, 1.600000000000000089, 20.79999999999999361 ) ) ;
#1028 = PLANE ( 'NONE',  #1698 ) ;
#1029 = PLANE ( 'NONE',  #787 ) ;
#1030 = ORIENTED_EDGE ( 'NONE', *, *, #224, .T. ) ;
#1031 = AXIS2_PLACEMENT_3D ( 'NONE', #180, #1012, #2129 ) ;
#1032 = ADVANCED_FACE ( 'NONE', ( #812 ), #2763, .F. ) ;
#1033 = CARTESIAN_POINT ( 'NONE',  ( -31.50000000000000000, 8.801000000000000156, 16.80000000000000426 ) ) ;
#1034 = VERTEX_POINT ( 'NONE', #2346 ) ;
#1035 = DIRECTION ( 'NONE',  ( 0.000000000000000000, 0.000000000000000000, -1.000000000000000000 ) ) ;
#1036 = ORIENTED_EDGE ( 'NONE', *, *, #1644, .F. ) ;
#1037 = DIRECTION ( 'NONE',  ( -0.000000000000000000, -1.000000000000000000, 0.000000000000000000 ) ) ;
#1038 = ORIENTED_EDGE ( 'NONE', *, *, #2233, .T. ) ;
#1039 = MECHANICAL_DESIGN_GEOMETRIC_PRESENTATION_REPRESENTATION (  '', ( #1939 ), #1651 ) ;
#1040 = ORIENTED_EDGE ( 'NONE', *, *, #39, .T. ) ;
#1041 = DIRECTION ( 'NONE',  ( 0.000000000000000000, 1.000000000000000000, -0.000000000000000000 ) ) ;
#1042 = DIRECTION ( 'NONE',  ( 1.000000000000000000, 0.000000000000000000, 0.000000000000000000 ) ) ;
#1043 = CARTESIAN_POINT ( 'NONE',  ( -31.50000000000000000, 0.9999999999999991118, 18.50000000000000711 ) ) ;
#1044 = CARTESIAN_POINT ( 'NONE',  ( 33.79999999999996874, 8.800000000000000711, -22.80000000000001137 ) ) ;
#1045 = DIRECTION ( 'NONE',  ( 1.000000000000000000, 0.000000000000000000, 1.667495291001304242E-16 ) ) ;
#1046 = CIRCLE ( 'NONE', #1421, 1.700000000000000178 ) ;
#1047 = DIRECTION ( 'NONE',  ( 0.000000000000000000, 0.000000000000000000, -1.000000000000000000 ) ) ;
#1048 = ORIENTED_EDGE ( 'NONE', *, *, #2620, .F. ) ;
#1049 = DIRECTION ( 'NONE',  ( 0.000000000000000000, 0.000000000000000000, -1.000000000000000000 ) ) ;
#1050 = VERTEX_POINT ( 'NONE', #1878 ) ;
#1051 = ORIENTED_EDGE ( 'NONE', *, *, #1101, .F. ) ;
#1052 = CARTESIAN_POINT ( 'NONE',  ( -36.79999999999999716, 0.8000000000000003775, 20.79999999999998295 ) ) ;
#1053 = EDGE_CURVE ( 'NONE', #2549, #2087, #1742, .T. ) ;
#1054 = DIRECTION ( 'NONE',  ( 1.539695392878823672E-16, -0.000000000000000000, 1.000000000000000000 ) ) ;
#1055 = EDGE_CURVE ( 'NONE', #2087, #348, #2126, .T. ) ;
#1056 = VECTOR ( 'NONE', #653, 1000.000000000000000 ) ;
#1057 = EDGE_CURVE ( 'NONE', #1225, #2377, #1467, .T. ) ;
#1058 = DIRECTION ( 'NONE',  ( 0.000000000000000000, -1.000000000000000000, 0.000000000000000000 ) ) ;
#1059 = CARTESIAN_POINT ( 'NONE',  ( -28.13696565583993348, 2.399999999999999467, -22.19999999999999929 ) ) ;
#1060 = CYLINDRICAL_SURFACE ( 'NONE', #474, 1.400000000000001910 ) ;
#1061 = VERTEX_POINT ( 'NONE', #1413 ) ;
#1062 = AXIS2_PLACEMENT_3D ( 'NONE', #2814, #1253, #2374 ) ;
#1063 = DIRECTION ( 'NONE',  ( 1.000000000000000000, 0.000000000000000000, 8.673617379884049672E-15 ) ) ;
#1064 = EDGE_CURVE ( 'NONE', #878, #2715, #1201, .T. ) ;
#1065 = FACE_OUTER_BOUND ( 'NONE', #990, .T. ) ;
#1066 = ORIENTED_EDGE ( 'NONE', *, *, #746, .F. ) ;
#1067 = DIRECTION ( 'NONE',  ( 0.000000000000000000, 0.000000000000000000, 1.000000000000000000 ) ) ;
#1068 = DIRECTION ( 'NONE',  ( 0.000000000000000000, 0.000000000000000000, 1.000000000000000000 ) ) ;
#1069 = EDGE_LOOP ( 'NONE', ( #1581, #2657, #1976, #2846, #2483, #2113 ) ) ;
#1070 = AXIS2_PLACEMENT_3D ( 'NONE', #1250, #1936, #815 ) ;
#1071 = VERTEX_POINT ( 'NONE', #1690 ) ;
#1072 = CARTESIAN_POINT ( 'NONE',  ( 33.79999999999999716, 1.600000000000000089, -20.80000000000001137 ) ) ;
#1073 = DIRECTION ( 'NONE',  ( 0.000000000000000000, -1.000000000000000000, 0.000000000000000000 ) ) ;
#1074 = ORIENTED_EDGE ( 'NONE', *, *, #307, .F. ) ;
#1075 = DIRECTION ( 'NONE',  ( -8.673617379884051249E-15, 0.000000000000000000, -1.000000000000000000 ) ) ;
#1076 = CARTESIAN_POINT ( 'NONE',  ( 33.79999999999997584, 0.8000000000000003775, 22.99999999999999289 ) ) ;
#1077 = DIRECTION ( 'NONE',  ( 0.000000000000000000, 0.000000000000000000, 1.000000000000000000 ) ) ;
#1078 = DIRECTION ( 'NONE',  ( 0.000000000000000000, -0.000000000000000000, -1.000000000000000000 ) ) ;
#1079 = CARTESIAN_POINT ( 'NONE',  ( -27.93603110894235897, 1.871003140539082343, -22.00835353257792448 ) ) ;
#1080 = ORIENTED_EDGE ( 'NONE', *, *, #2622, .F. ) ;
#1081 = DIRECTION ( 'NONE',  ( 0.000000000000000000, 0.000000000000000000, -1.000000000000000000 ) ) ;
#1082 = AXIS2_PLACEMENT_3D ( 'NONE', #1000, #1697, #1472 ) ;
#1083 = DIRECTION ( 'NONE',  ( -0.000000000000000000, -1.000000000000000000, -0.000000000000000000 ) ) ;
#1084 = ORIENTED_EDGE ( 'NONE', *, *, #2742, .F. ) ;
#1085 = ORIENTED_EDGE ( 'NONE', *, *, #1798, .F. ) ;
#1086 = CARTESIAN_POINT ( 'NONE',  ( 16.00000000000000000, 5.600000000000000533, 18.50000000000000355 ) ) ;
#1087 = DIRECTION ( 'NONE',  ( 0.01745240643728424371, 0.9998476951563911586, 0.000000000000000000 ) ) ;
#1088 = CIRCLE ( 'NONE', #2726, 1.399999999999998579 ) ;
#1089 = CARTESIAN_POINT ( 'NONE',  ( 19.77779398514242715, 1.688057992670812135, 21.77750226050724791 ) ) ;
#1090 = DIRECTION ( 'NONE',  ( 0.000000000000000000, 0.000000000000000000, -1.000000000000000000 ) ) ;
#1091 = CARTESIAN_POINT ( 'NONE',  ( 33.79999999999997584, 7.200000000000000178, -23.80000000000001492 ) ) ;
#1092 = CYLINDRICAL_SURFACE ( 'NONE', #1907, 1.400000000000001910 ) ;
#1093 = CARTESIAN_POINT ( 'NONE',  ( -27.72137940245659848, 1.687536854880495429, -21.77655733361327961 ) ) ;
#1094 = EDGE_LOOP ( 'NONE', ( #1506, #49, #1877, #1127 ) ) ;
#1095 = DIRECTION ( 'NONE',  ( -0.000000000000000000, -1.000000000000000000, 0.000000000000000000 ) ) ;
#1096 = AXIS2_PLACEMENT_3D ( 'NONE', #702, #243, #912 ) ;
#1097 = ADVANCED_FACE ( 'NONE', ( #758, #130 ), #1008, .F. ) ;
#1098 = EDGE_CURVE ( 'NONE', #2143, #1937, #2757, .T. ) ;
#1099 = CARTESIAN_POINT ( 'NONE',  ( -35.82792810388514226, 7.200000000000000178, 20.80000000000000426 ) ) ;
#1100 = EDGE_LOOP ( 'NONE', ( #2210, #2252, #1804, #1597, #1129 ) ) ;
#1101 = EDGE_CURVE ( 'NONE', #2513, #1117, #1846, .T. ) ;
#1102 = EDGE_CURVE ( 'NONE', #1450, #562, #2362, .T. ) ;
#1103 = ORIENTED_EDGE ( 'NONE', *, *, #1620, .F. ) ;
#1104 = CYLINDRICAL_SURFACE ( 'NONE', #221, 1.700000000000000178 ) ;
#1105 = DIRECTION ( 'NONE',  ( 0.000000000000000000, 1.000000000000000000, 0.000000000000000000 ) ) ;
#1106 = ADVANCED_FACE ( 'NONE', ( #163 ), #1104, .F. ) ;
#1107 = CARTESIAN_POINT ( 'NONE',  ( 19.36303434416004876, 2.275994956759725518, 22.19999999999999574 ) ) ;
#1108 = LINE ( 'NONE', #1785, #518 ) ;
#1109 = TOROIDAL_SURFACE ( 'NONE', #1150, 2.200000000000001066, 0.8000000000000000444 ) ;
#1110 = CARTESIAN_POINT ( 'NONE',  ( 33.79999999999999716, 2.400000000000000355, -20.80000000000001137 ) ) ;
#1111 = VECTOR ( 'NONE', #1762, 1000.000000000000000 ) ;
#1112 = DIRECTION ( 'NONE',  ( 0.000000000000000000, 0.000000000000000000, -1.000000000000000000 ) ) ;
#1113 = ORIENTED_EDGE ( 'NONE', *, *, #2168, .T. ) ;
#1114 = ORIENTED_EDGE ( 'NONE', *, *, #1211, .T. ) ;
#1115 = CARTESIAN_POINT ( 'NONE',  ( -33.79999999999999716, 5.599999999999999645, 20.80000000000000426 ) ) ;
#1116 = DIRECTION ( 'NONE',  ( 0.000000000000000000, 0.000000000000000000, -1.000000000000000000 ) ) ;
#1117 = VERTEX_POINT ( 'NONE', #1052 ) ;
#1118 = VECTOR ( 'NONE', #2338, 1000.000000000000000 ) ;
#1119 = CARTESIAN_POINT ( 'NONE',  ( -36.79999999999999716, 0.8000000000000003775, -20.79999999999998295 ) ) ;
#1120 = EDGE_CURVE ( 'NONE', #2638, #866, #1605, .T. ) ;
#1121 = DIRECTION ( 'NONE',  ( -0.000000000000000000, -1.000000000000000000, -0.000000000000000000 ) ) ;
#1122 = VECTOR ( 'NONE', #2100, 1000.000000000000000 ) ;
#1123 = EDGE_CURVE ( 'NONE', #2035, #2641, #2863, .T. ) ;
#1124 = ADVANCED_BREP_SHAPE_REPRESENTATION ( '', ( #894, #876 ), #1621 ) ;
#1125 = LINE ( 'NONE', #1152, #1245 ) ;
#1126 = CIRCLE ( 'NONE', #1215, 1.700000000000000178 ) ;
#1127 = ORIENTED_EDGE ( 'NONE', *, *, #2870, .F. ) ;
#1128 = ADVANCED_FACE ( 'NONE', ( #2631 ), #1726, .F. ) ;
#1129 = ORIENTED_EDGE ( 'NONE', *, *, #1615, .F. ) ;
#1130 = CARTESIAN_POINT ( 'NONE',  ( 16.00000000000000000, 0.000000000000000000, 22.99999999999999645 ) ) ;
#1131 = ORIENTED_EDGE ( 'NONE', *, *, #1441, .T. ) ;
#1132 = ORIENTED_EDGE ( 'NONE', *, *, #2619, .F. ) ;
#1133 = CARTESIAN_POINT ( 'NONE',  ( -31.50000000000000000, 0.9999999999999991118, 23.00000000000000711 ) ) ;
#1134 = DIRECTION ( 'NONE',  ( -0.000000000000000000, -1.000000000000000000, -0.000000000000000000 ) ) ;
#1135 = AXIS2_PLACEMENT_3D ( 'NONE', #2198, #1728, #1771 ) ;
#1136 = FACE_OUTER_BOUND ( 'NONE', #2066, .T. ) ;
#1137 = CARTESIAN_POINT ( 'NONE',  ( -35.82792810388514226, 7.200000000000000178, -20.79999999999997584 ) ) ;
#1138 = VERTEX_POINT ( 'NONE', #1497 ) ;
#1139 = ORIENTED_EDGE ( 'NONE', *, *, #2144, .T. ) ;
#1140 = FACE_OUTER_BOUND ( 'NONE', #2593, .T. ) ;
#1141 = EDGE_LOOP ( 'NONE', ( #69, #1493 ) ) ;
#1142 = ORIENTED_EDGE ( 'NONE', *, *, #1123, .F. ) ;
#1143 = ADVANCED_FACE ( 'NONE', ( #222 ), #2643, .T. ) ;
#1144 = CARTESIAN_POINT ( 'NONE',  ( 33.79999999999999716, 0.8000000000000003775, 20.79999999999999361 ) ) ;
#1145 = DIRECTION ( 'NONE',  ( 0.000000000000000000, 0.000000000000000000, 1.000000000000000000 ) ) ;
#1146 = DIRECTION ( 'NONE',  ( 0.000000000000000000, 1.000000000000000000, -0.000000000000000000 ) ) ;
#1147 = EDGE_CURVE ( 'NONE', #2035, #2524, #2228, .T. ) ;
#1148 = CYLINDRICAL_SURFACE ( 'NONE', #1665, 0.7999999999999986011 ) ;
#1149 = CARTESIAN_POINT ( 'NONE',  ( -35.00995114376170392, 1.872649170167115296, -14.93757740002386214 ) ) ;
#1150 = AXIS2_PLACEMENT_3D ( 'NONE', #1996, #1558, #869 ) ;
#1151 = CIRCLE ( 'NONE', #2010, 4.500000000000000888 ) ;
#1152 = CARTESIAN_POINT ( 'NONE',  ( 35.20000000000000284, 7.200000000000000178, 20.79999999999997229 ) ) ;
#1153 = ORIENTED_EDGE ( 'NONE', *, *, #1577, .F. ) ;
#1154 = CIRCLE ( 'NONE', #2328, 3.499999999999996003 ) ;
#1155 = ORIENTED_EDGE ( 'NONE', *, *, #2592, .T. ) ;
#1156 = CIRCLE ( 'NONE', #1533, 1.000000000000000888 ) ;
#1157 = DIRECTION ( 'NONE',  ( 0.000000000000000000, 1.000000000000000000, -0.000000000000000000 ) ) ;
#1158 = ORIENTED_EDGE ( 'NONE', *, *, #13, .F. ) ;
#1159 = LINE ( 'NONE', #1724, #1446 ) ;
#1160 = ORIENTED_EDGE ( 'NONE', *, *, #2878, .F. ) ;
#1161 = CARTESIAN_POINT ( 'NONE',  ( -36.79999999999999716, 7.200000000000000178, 20.79999999999998295 ) ) ;
#1162 = CARTESIAN_POINT ( 'NONE',  ( 16.00000000000000000, 4.099999999999999645, 18.50000000000000355 ) ) ;
#1163 = DIRECTION ( 'NONE',  ( -0.9998476951563911586, 0.01745240643728355676, -0.000000000000000000 ) ) ;
#1164 = CARTESIAN_POINT ( 'NONE',  ( -34.39999999999999858, 1.600000000000000755, -14.42691762911675646 ) ) ;
#1165 = CARTESIAN_POINT ( 'NONE',  ( -27.42691762911672626, 1.600000000000000755, -21.39999999999999858 ) ) ;
#1166 = VECTOR ( 'NONE', #2552, 1000.000000000000000 ) ;
#1167 = ORIENTED_EDGE ( 'NONE', *, *, #546, .F. ) ;
#1168 = EDGE_LOOP ( 'NONE', ( #142, #2421, #1254, #2755 ) ) ;
#1169 = ORIENTED_EDGE ( 'NONE', *, *, #1834, .F. ) ;
#1170 = CARTESIAN_POINT ( 'NONE',  ( 16.00000000000000000, 4.099999999999999645, 22.00000000000000355 ) ) ;
#1171 = ORIENTED_EDGE ( 'NONE', *, *, #1234, .T. ) ;
#1172 = DIRECTION ( 'NONE',  ( -0.000000000000000000, -1.000000000000000000, -0.000000000000000000 ) ) ;
#1173 = CIRCLE ( 'NONE', #2112, 1.400000000000001910 ) ;
#1174 = DIRECTION ( 'NONE',  ( 0.000000000000000000, 0.000000000000000000, -1.000000000000000000 ) ) ;
#1175 = CARTESIAN_POINT ( 'NONE',  ( 35.79999999999999716, 8.800000000000000711, 20.79999999999996163 ) ) ;
#1176 = CARTESIAN_POINT ( 'NONE',  ( 34.39999999999999858, 2.400000000000000355, 20.79999999999997229 ) ) ;
#1177 = AXIS2_PLACEMENT_3D ( 'NONE', #1043, #1741, #2614 ) ;
#1178 = VERTEX_POINT ( 'NONE', #2177 ) ;
#1179 = EDGE_CURVE ( 'NONE', #1815, #2700, #1801, .T. ) ;
#1180 = EDGE_LOOP ( 'NONE', ( #1606, #1905, #1196, #1681, #468, #476 ) ) ;
#1181 = CARTESIAN_POINT ( 'NONE',  ( 12.60403944824443734, 2.157359252756127166, -22.17046312081933479 ) ) ;
#1182 = EDGE_CURVE ( 'NONE', #1584, #2248, #379, .T. ) ;
#1183 = ADVANCED_FACE ( 'NONE', ( #2598 ), #2445, .F. ) ;
#1184 = EDGE_CURVE ( 'NONE', #2293, #442, #2007, .T. ) ;
#1185 = ADVANCED_FACE ( 'NONE', ( #6 ), #1524, .T. ) ;
#1186 = VERTEX_POINT ( 'NONE', #612 ) ;
#1187 = VECTOR ( 'NONE', #2044, 1000.000000000000000 ) ;
#1188 = LINE ( 'NONE', #1411, #426 ) ;
#1189 = ORIENTED_EDGE ( 'NONE', *, *, #614, .T. ) ;
#1190 = DIRECTION ( 'NONE',  ( 0.000000000000000000, 0.000000000000000000, -1.000000000000000000 ) ) ;
#1191 = DIRECTION ( 'NONE',  ( -0.000000000000000000, -1.000000000000000000, -0.000000000000000000 ) ) ;
#1192 = EDGE_CURVE ( 'NONE', #544, #87, #2180, .T. ) ;
#1193 = DIRECTION ( 'NONE',  ( 0.000000000000000000, 1.000000000000000000, 0.000000000000000000 ) ) ;
#1194 = CARTESIAN_POINT ( 'NONE',  ( 19.77862059754338375, 1.687536854880495429, -21.77655733361329382 ) ) ;
#1195 = CARTESIAN_POINT ( 'NONE',  ( 33.79999999999999716, 7.200000000000000178, -20.80000000000001137 ) ) ;
#1196 = ORIENTED_EDGE ( 'NONE', *, *, #906, .T. ) ;
#1197 = AXIS2_PLACEMENT_3D ( 'NONE', #2398, #1054, #1754 ) ;
#1198 = CARTESIAN_POINT ( 'NONE',  ( 12.22220601485757108, 1.688057992670811691, -21.77750226050725857 ) ) ;
#1199 = CARTESIAN_POINT ( 'NONE',  ( -35.20000000000000284, 5.599999999999999645, 20.79999999999998295 ) ) ;
#1200 = ORIENTED_EDGE ( 'NONE', *, *, #2472, .F. ) ;
#1201 = LINE ( 'NONE', #2584, #586 ) ;
#1202 = PLANE ( 'NONE',  #17 ) ;
#1203 = FACE_OUTER_BOUND ( 'NONE', #258, .T. ) ;
#1204 = DIRECTION ( 'NONE',  ( 0.000000000000000000, 0.000000000000000000, -1.000000000000000000 ) ) ;
#1205 = CARTESIAN_POINT ( 'NONE',  ( 16.00000000000000000, 0.9999999999999991118, -18.50000000000001776 ) ) ;
#1206 = ADVANCED_FACE ( 'NONE', ( #827 ), #2882, .F. ) ;
#1207 = AXIS2_PLACEMENT_3D ( 'NONE', #457, #1244, #2436 ) ;
#1208 = CARTESIAN_POINT ( 'NONE',  ( 33.79999999999999716, 7.200000000000000178, -20.80000000000001137 ) ) ;
#1209 = ORIENTED_EDGE ( 'NONE', *, *, #2232, .T. ) ;
#1210 = ORIENTED_EDGE ( 'NONE', *, *, #2319, .F. ) ;
#1211 = EDGE_CURVE ( 'NONE', #688, #464, #1046, .T. ) ;
#1212 = ORIENTED_EDGE ( 'NONE', *, *, #2619, .T. ) ;
#1213 = PLANE ( 'NONE',  #623 ) ;
#1214 = CARTESIAN_POINT ( 'NONE',  ( 33.79999999999997584, 0.8000000000000003775, 22.99999999999999289 ) ) ;
#1215 = AXIS2_PLACEMENT_3D ( 'NONE', #774, #1676, #1453 ) ;
#1216 = AXIS2_PLACEMENT_3D ( 'NONE', #420, #2694, #892 ) ;
#1217 = DIRECTION ( 'NONE',  ( -0.000000000000000000, -1.000000000000000000, 0.000000000000000000 ) ) ;
#1218 = CARTESIAN_POINT ( 'NONE',  ( -36.79999999999999716, 7.200000000000000178, -20.79999999999998295 ) ) ;
#1219 = CARTESIAN_POINT ( 'NONE',  ( -31.50000000000000000, 5.599999999999999645, 18.50000000000000711 ) ) ;
#1220 = EDGE_CURVE ( 'NONE', #2264, #128, #1562, .T. ) ;
#1221 = CARTESIAN_POINT ( 'NONE',  ( -33.79999999999999716, 0.8000000000000003775, 20.80000000000000426 ) ) ;
#1222 = CARTESIAN_POINT ( 'NONE',  ( 35.80000000000000426, 8.800000000000000711, 20.79999999999996163 ) ) ;
#1223 = ORIENTED_EDGE ( 'NONE', *, *, #463, .F. ) ;
#1224 = CARTESIAN_POINT ( 'NONE',  ( -31.50000000000000000, 4.099999999999999645, -20.20000000000001705 ) ) ;
#1225 = VERTEX_POINT ( 'NONE', #270 ) ;
#1226 = ORIENTED_EDGE ( 'NONE', *, *, #545, .F. ) ;
#1227 = CARTESIAN_POINT ( 'NONE',  ( 36.79999999999999716, 0.8000000000000003775, 20.79999999999997229 ) ) ;
#1228 = CARTESIAN_POINT ( 'NONE',  ( 36.79999999999999716, 7.200000000000000178, 20.79999999999997229 ) ) ;
#1229 = VECTOR ( 'NONE', #1556, 1000.000000000000000 ) ;
#1230 = CARTESIAN_POINT ( 'NONE',  ( 35.20000000000000284, 7.189039474176432520, 20.79999999999995097 ) ) ;
#1231 = DIRECTION ( 'NONE',  ( 1.539695392878823672E-16, -0.000000000000000000, 1.000000000000000000 ) ) ;
#1232 = CARTESIAN_POINT ( 'NONE',  ( 16.00000000000000000, 5.600000000000000533, 13.50000000000000533 ) ) ;
#1233 = ORIENTED_EDGE ( 'NONE', *, *, #1834, .T. ) ;
#1234 = EDGE_CURVE ( 'NONE', #1815, #909, #2033, .T. ) ;
#1235 = DIRECTION ( 'NONE',  ( 0.000000000000000000, 0.000000000000000000, -1.000000000000000000 ) ) ;
#1236 = DIRECTION ( 'NONE',  ( 0.000000000000000000, -0.000000000000000000, -1.000000000000000000 ) ) ;
#1237 = CIRCLE ( 'NONE', #2889, 3.499999999999999556 ) ;
#1238 = EDGE_LOOP ( 'NONE', ( #503, #161, #1466, #936, #2499, #661 ) ) ;
#1239 = ORIENTED_EDGE ( 'NONE', *, *, #690, .F. ) ;
#1240 = EDGE_CURVE ( 'NONE', #1178, #1307, #536, .T. ) ;
#1241 = AXIS2_PLACEMENT_3D ( 'NONE', #2627, #2188, #879 ) ;
#1242 = EDGE_LOOP ( 'NONE', ( #1535, #1670, #31, #809 ) ) ;
#1243 = FACE_OUTER_BOUND ( 'NONE', #1509, .T. ) ;
#1244 = DIRECTION ( 'NONE',  ( -0.000000000000000000, -1.000000000000000000, 0.000000000000000000 ) ) ;
#1245 = VECTOR ( 'NONE', #1826, 1000.000000000000000 ) ;
#1246 = CYLINDRICAL_SURFACE ( 'NONE', #2604, 5.000000000000000888 ) ;
#1247 = DIRECTION ( 'NONE',  ( -1.000000000000000000, -0.000000000000000000, 1.539695392878823672E-16 ) ) ;
#1248 = DIRECTION ( 'NONE',  ( 0.000000000000000000, 0.000000000000000000, 1.000000000000000000 ) ) ;
#1249 = AXIS2_PLACEMENT_3D ( 'NONE', #806, #372, #154 ) ;
#1250 = CARTESIAN_POINT ( 'NONE',  ( 16.00000000000000000, 1.600000000000000755, 18.50000000000000355 ) ) ;
#1251 = DIRECTION ( 'NONE',  ( -0.000000000000000000, -1.000000000000000000, -0.000000000000000000 ) ) ;
#1252 = ORIENTED_EDGE ( 'NONE', *, *, #2316, .F. ) ;
#1253 = DIRECTION ( 'NONE',  ( 0.000000000000000000, 1.000000000000000000, -0.000000000000000000 ) ) ;
#1254 = ORIENTED_EDGE ( 'NONE', *, *, #2260, .T. ) ;
#1255 = VECTOR ( 'NONE', #631, 1000.000000000000000 ) ;
#1256 = DIRECTION ( 'NONE',  ( 0.01745240643728424371, 0.9998476951563911586, 0.000000000000000000 ) ) ;
#1257 = ORIENTED_EDGE ( 'NONE', *, *, #2572, .F. ) ;
#1258 = VERTEX_POINT ( 'NONE', #1816 ) ;
#1259 = CARTESIAN_POINT ( 'NONE',  ( -31.50000000000000000, 8.801000000000000156, 18.50000000000000711 ) ) ;
#1260 = CARTESIAN_POINT ( 'NONE',  ( -35.20000000000000284, 8.800000000000000711, -20.79999999999998295 ) ) ;
#1261 = VECTOR ( 'NONE', #796, 1000.000000000000000 ) ;
#1262 = CARTESIAN_POINT ( 'NONE',  ( -36.00000000000000000, 0.000000000000000000, 20.79999999999999005 ) ) ;
#1263 = CARTESIAN_POINT ( 'NONE',  ( 35.20000000000000284, 7.200000000000000178, 20.79999999999997229 ) ) ;
#1264 = CARTESIAN_POINT ( 'NONE',  ( -36.90453384756090571, 5.930450154248392280, 20.79999999999995097 ) ) ;
#1265 = ORIENTED_EDGE ( 'NONE', *, *, #1428, .T. ) ;
#1266 = DIRECTION ( 'NONE',  ( 8.673617379884051249E-15, 0.000000000000000000, -1.000000000000000000 ) ) ;
#1267 = DIRECTION ( 'NONE',  ( -0.000000000000000000, -1.000000000000000000, 0.000000000000000000 ) ) ;
#1268 = AXIS2_PLACEMENT_3D ( 'NONE', #1516, #2650, #672 ) ;
#1269 = ORIENTED_EDGE ( 'NONE', *, *, #39, .F. ) ;
#1270 = DIRECTION ( 'NONE',  ( 1.000000000000000000, -0.000000000000000000, -1.539695392878823672E-16 ) ) ;
#1271 = ORIENTED_EDGE ( 'NONE', *, *, #1637, .T. ) ;
#1272 = ADVANCED_FACE ( 'NONE', ( #2265 ), #924, .F. ) ;
#1273 = CARTESIAN_POINT ( 'NONE',  ( 12.63696565583994591, 5.600000000000000533, 22.19999999999999574 ) ) ;
#1274 = ORIENTED_EDGE ( 'NONE', *, *, #2455, .F. ) ;
#1275 = EDGE_CURVE ( 'NONE', #676, #78, #310, .T. ) ;
#1276 = EDGE_CURVE ( 'NONE', #825, #358, #817, .T. ) ;
#1277 = VERTEX_POINT ( 'NONE', #18 ) ;
#1278 = ADVANCED_FACE ( 'NONE', ( #2727 ), #453, .T. ) ;
#1279 = DIRECTION ( 'NONE',  ( -0.000000000000000000, -1.000000000000000000, -0.000000000000000000 ) ) ;
#1280 = PLANE ( 'NONE',  #550 ) ;
#1281 = LINE ( 'NONE', #1950, #2404 ) ;
#1282 = DIRECTION ( 'NONE',  ( -0.000000000000000000, -1.000000000000000000, 0.000000000000000000 ) ) ;
#1283 = CARTESIAN_POINT ( 'NONE',  ( -31.50000000000000000, 0.9999999999999991118, 22.00000000000000711 ) ) ;
#1284 = DIRECTION ( 'NONE',  ( -0.000000000000000000, -1.000000000000000000, -0.000000000000000000 ) ) ;
#1285 = AXIS2_PLACEMENT_3D ( 'NONE', #2159, #1978, #1293 ) ;
#1286 = DIRECTION ( 'NONE',  ( 0.000000000000000000, 1.000000000000000000, -0.000000000000000000 ) ) ;
#1287 = ORIENTED_EDGE ( 'NONE', *, *, #1402, .F. ) ;
#1288 = DIRECTION ( 'NONE',  ( -0.000000000000000000, 0.000000000000000000, 1.000000000000000000 ) ) ;
#1289 = LINE ( 'NONE', #1099, #2516 ) ;
#1290 = ORIENTED_EDGE ( 'NONE', *, *, #964, .F. ) ;
#1291 = AXIS2_PLACEMENT_3D ( 'NONE', #416, #1297, #1090 ) ;
#1292 = VERTEX_POINT ( 'NONE', #2018 ) ;
#1293 = DIRECTION ( 'NONE',  ( 0.000000000000000000, -0.000000000000000000, -1.000000000000000000 ) ) ;
#1294 = DIRECTION ( 'NONE',  ( 0.000000000000000000, -0.000000000000000000, -1.000000000000000000 ) ) ;
#1295 = AXIS2_PLACEMENT_3D ( 'NONE', #2689, #234, #1116 ) ;
#1296 = CARTESIAN_POINT ( 'NONE',  ( 33.79999999999998295, 0.000000000000000000, -23.00000000000001421 ) ) ;
#1297 = DIRECTION ( 'NONE',  ( 0.000000000000000000, 1.000000000000000000, -0.000000000000000000 ) ) ;
#1298 = LINE ( 'NONE', #236, #2708 ) ;
#1299 = CIRCLE ( 'NONE', #1573, 2.999999999999999112 ) ;
#1300 = DIRECTION ( 'NONE',  ( -1.000000000000000000, -0.000000000000000000, 1.539695392878823672E-16 ) ) ;
#1301 = B_SPLINE_CURVE_WITH_KNOTS ( 'NONE', 3,
 ( #229, #2467, #484, #2695, #1578, #68, #253, #895, #947, #2736 ),
 .UNSPECIFIED., .F., .F.,
 ( 4, 2, 2, 2, 4 ),
 ( 2.168404344971008868E-19, 0.0003644036504520817505, 0.0007288073009041632841, 0.001093210951356244709, 0.001457614601808326351 ),
 .UNSPECIFIED. ) ;
#1302 = LINE ( 'NONE', #1534, #707 ) ;
#1303 = EDGE_CURVE ( 'NONE', #878, #1050, #1706, .T. ) ;
#1304 = EDGE_LOOP ( 'NONE', ( #731, #2238, #807, #2120 ) ) ;
#1305 = DIRECTION ( 'NONE',  ( -0.000000000000000000, -1.000000000000000000, -0.000000000000000000 ) ) ;
#1306 = CARTESIAN_POINT ( 'NONE',  ( 34.39999999999999858, 1.600000000000000089, -20.80000000000000782 ) ) ;
#1307 = VERTEX_POINT ( 'NONE', #1130 ) ;
#1308 = VECTOR ( 'NONE', #2012, 1000.000000000000227 ) ;
#1309 = ORIENTED_EDGE ( 'NONE', *, *, #1182, .F. ) ;
#1310 = CARTESIAN_POINT ( 'NONE',  ( -31.50000000000000000, 0.9999999999999991118, -23.00000000000001776 ) ) ;
#1311 = VECTOR ( 'NONE', #1686, 1000.000000000000000 ) ;
#1312 = FACE_OUTER_BOUND ( 'NONE', #2728, .T. ) ;
#1313 = CARTESIAN_POINT ( 'NONE',  ( -33.79999999999999716, 2.400000000000000355, 21.40000000000000213 ) ) ;
#1314 = CIRCLE ( 'NONE', #1635, 4.999999999999997335 ) ;
#1315 = LINE ( 'NONE', #2026, #1308 ) ;
#1316 = EDGE_CURVE ( 'NONE', #2701, #2320, #327, .T. ) ;
#1317 = ADVANCED_FACE ( 'NONE', ( #1140 ), #2105, .F. ) ;
#1318 = CARTESIAN_POINT ( 'NONE',  ( -28.13696565583994413, 2.399999999999999467, 22.19999999999999929 ) ) ;
#1319 = EDGE_CURVE ( 'NONE', #811, #1225, #1781, .T. ) ;
#1320 = EDGE_CURVE ( 'NONE', #2166, #1827, #2675, .T. ) ;
#1321 = ADVANCED_FACE ( 'NONE', ( #689, #715 ), #1608, .F. ) ;
#1322 = EDGE_LOOP ( 'NONE', ( #714, #1001, #2442, #1658, #2764 ) ) ;
#1323 = DIRECTION ( 'NONE',  ( 0.000000000000000000, 1.000000000000000000, 8.673617379884035472E-15 ) ) ;
#1324 = LINE ( 'NONE', #1958, #961 ) ;
#1325 = ADVANCED_FACE ( 'NONE', ( #2470 ), #23, .T. ) ;
#1326 = ORIENTED_EDGE ( 'NONE', *, *, #2561, .T. ) ;
#1327 = ORIENTED_EDGE ( 'NONE', *, *, #2140, .T. ) ;
#1328 = CARTESIAN_POINT ( 'NONE',  ( 35.79999999999999716, 8.800000000000000711, -20.80000000000000071 ) ) ;
#1329 = LINE ( 'NONE', #430, #1056 ) ;
#1330 = CIRCLE ( 'NONE', #810, 4.500000000000000888 ) ;
#1331 = CARTESIAN_POINT ( 'NONE',  ( 33.79999999999997584, 7.200000000000000178, 23.79999999999999005 ) ) ;
#1332 = CARTESIAN_POINT ( 'NONE',  ( -36.90453384756090571, 5.930450154248392280, 20.79999999999995097 ) ) ;
#1333 = DIRECTION ( 'NONE',  ( 0.000000000000000000, 0.000000000000000000, -1.000000000000000000 ) ) ;
#1334 = CARTESIAN_POINT ( 'NONE',  ( -27.93757740002383727, 1.872649170167116406, 22.00995114376170037 ) ) ;
#1335 = AXIS2_PLACEMENT_3D ( 'NONE', #978, #2551, #1659 ) ;
#1336 = DIRECTION ( 'NONE',  ( -1.000000000000000000, 0.000000000000000000, -1.667495291001304242E-16 ) ) ;
#1337 = ORIENTED_EDGE ( 'NONE', *, *, #368, .T. ) ;
#1338 = ORIENTED_EDGE ( 'NONE', *, *, #2382, .T. ) ;
#1339 = DIRECTION ( 'NONE',  ( 0.000000000000000000, 1.000000000000000000, 0.000000000000000000 ) ) ;
#1340 = FACE_OUTER_BOUND ( 'NONE', #992, .T. ) ;
#1341 = ADVANCED_FACE ( 'NONE', ( #1566 ), #2076, .T. ) ;
#1342 = CYLINDRICAL_SURFACE ( 'NONE', #2169, 1.700000000000000178 ) ;
#1343 = CARTESIAN_POINT ( 'NONE',  ( -31.50000000000000000, 5.599999999999999645, 20.20000000000000639 ) ) ;
#1344 = EDGE_CURVE ( 'NONE', #2223, #2061, #46, .T. ) ;
#1345 = AXIS2_PLACEMENT_3D ( 'NONE', #323, #92, #118 ) ;
#1346 = CARTESIAN_POINT ( 'NONE',  ( -28.13696565583993348, 2.399999999999999467, -22.19999999999999929 ) ) ;
#1347 = CARTESIAN_POINT ( 'NONE',  ( -33.79999999999999716, 1.600000000000000089, 21.40000000000000213 ) ) ;
#1348 = ORIENTED_EDGE ( 'NONE', *, *, #332, .F. ) ;
#1349 = ORIENTED_EDGE ( 'NONE', *, *, #1120, .T. ) ;
#1350 = DIRECTION ( 'NONE',  ( -0.000000000000000000, -1.000000000000000000, 0.000000000000000000 ) ) ;
#1351 = DIRECTION ( 'NONE',  ( 0.01745240643728424371, 0.9998476951563911586, 0.000000000000000000 ) ) ;
#1352 = VERTEX_POINT ( 'NONE', #475 ) ;
#1353 = EDGE_LOOP ( 'NONE', ( #1378, #1030, #2539, #60 ) ) ;
#1354 = CARTESIAN_POINT ( 'NONE',  ( 16.00000000000000000, 1.600000000000000755, 13.50000000000000533 ) ) ;
#1355 = CARTESIAN_POINT ( 'NONE',  ( 12.43603110894237496, 1.871003140539082565, 22.00835353257792448 ) ) ;
#1356 = CARTESIAN_POINT ( 'NONE',  ( -27.57166198001968382, 1.618214285317884693, -21.59547443559325686 ) ) ;
#1357 = AXIS2_PLACEMENT_3D ( 'NONE', #1587, #480, #1174 ) ;
#1358 = DIRECTION ( 'NONE',  ( 0.000000000000000000, 0.000000000000000000, -1.000000000000000000 ) ) ;
#1359 = AXIS2_PLACEMENT_3D ( 'NONE', #563, #2569, #794 ) ;
#1360 = VERTEX_POINT ( 'NONE', #2510 ) ;
#1361 = EDGE_CURVE ( 'NONE', #2566, #2673, #1016, .T. ) ;
#1362 = ORIENTED_EDGE ( 'NONE', *, *, #585, .T. ) ;
#1363 = CARTESIAN_POINT ( 'NONE',  ( -33.79999999999999716, 2.400000000000000355, 21.40000000000000213 ) ) ;
#1364 = ADVANCED_FACE ( 'NONE', ( #1954 ), #159, .T. ) ;
#1365 = EDGE_LOOP ( 'NONE', ( #1696, #1956, #2278, #1257 ) ) ;
#1366 = ORIENTED_EDGE ( 'NONE', *, *, #245, .T. ) ;
#1367 = EDGE_CURVE ( 'NONE', #2537, #2411, #2621, .T. ) ;
#1368 = SURFACE_STYLE_USAGE ( .BOTH. , #1569 ) ;
#1369 = CARTESIAN_POINT ( 'NONE',  ( -31.50000000000000000, 5.600000000000000533, 18.50000000000000711 ) ) ;
#1370 = FACE_OUTER_BOUND ( 'NONE', #1304, .T. ) ;
#1371 = DIRECTION ( 'NONE',  ( 0.000000000000000000, 0.000000000000000000, -1.000000000000000000 ) ) ;
#1372 = DIRECTION ( 'NONE',  ( 0.000000000000000000, 0.000000000000000000, 1.000000000000000000 ) ) ;
#1373 = ORIENTED_EDGE ( 'NONE', *, *, #791, .F. ) ;
#1374 = ORIENTED_EDGE ( 'NONE', *, *, #2168, .F. ) ;
#1375 = DIRECTION ( 'NONE',  ( 0.000000000000000000, 0.000000000000000000, -1.000000000000000000 ) ) ;
#1376 = ORIENTED_EDGE ( 'NONE', *, *, #797, .F. ) ;
#1377 = DIRECTION ( 'NONE',  ( -1.000000000000000000, 0.000000000000000000, 1.539695392878823672E-16 ) ) ;
#1378 = ORIENTED_EDGE ( 'NONE', *, *, #158, .T. ) ;
#1379 =( LENGTH_UNIT ( ) NAMED_UNIT ( * ) SI_UNIT ( .MILLI., .METRE. ) );
#1380 = FACE_OUTER_BOUND ( 'NONE', #2125, .T. ) ;
#1381 = VECTOR ( 'NONE', #277, 1000.000000000000227 ) ;
#1382 = CARTESIAN_POINT ( 'NONE',  ( 16.00000000000000000, 0.9999999999999991118, -18.50000000000001776 ) ) ;
#1383 = DIRECTION ( 'NONE',  ( -0.000000000000000000, -1.000000000000000000, 0.000000000000000000 ) ) ;
#1384 = AXIS2_PLACEMENT_3D ( 'NONE', #1214, #1440, #117 ) ;
#1385 = CIRCLE ( 'NONE', #1528, 3.499999999999996003 ) ;
#1386 = CARTESIAN_POINT ( 'NONE',  ( -31.50000000000000000, 5.600000000000000533, 18.50000000000000711 ) ) ;
#1387 = VERTEX_POINT ( 'NONE', #1940 ) ;
#1388 = EDGE_LOOP ( 'NONE', ( #834, #2697 ) ) ;
#1389 = VECTOR ( 'NONE', #2167, 1000.000000000000000 ) ;
#1390 = DIRECTION ( 'NONE',  ( 1.000000000000000000, 0.000000000000000000, -1.539695392878823672E-16 ) ) ;
#1391 = ORIENTED_EDGE ( 'NONE', *, *, #675, .F. ) ;
#1392 = ORIENTED_EDGE ( 'NONE', *, *, #698, .F. ) ;
#1393 = CARTESIAN_POINT ( 'NONE',  ( -28.13696565583993348, 21.34213562373095741, -22.19999999999999929 ) ) ;
#1394 = CARTESIAN_POINT ( 'NONE',  ( -31.50000000000000000, 15.49949493661166322, 15.00000000000000711 ) ) ;
#1395 = AXIS2_PLACEMENT_3D ( 'NONE', #555, #1444, #1664 ) ;
#1396 = CARTESIAN_POINT ( 'NONE',  ( 16.00000000000000000, 0.9999999999999991118, 23.00000000000000355 ) ) ;
#1397 = CARTESIAN_POINT ( 'NONE',  ( 33.79999999999999716, 2.400000000000000355, -20.80000000000001137 ) ) ;
#1398 = ADVANCED_FACE ( 'NONE', ( #833, #783 ), #1447, .T. ) ;
#1399 = VECTOR ( 'NONE', #2772, 1000.000000000000000 ) ;
#1400 = EDGE_CURVE ( 'NONE', #756, #1988, #2357, .T. ) ;
#1401 = PRODUCT_RELATED_PRODUCT_CATEGORY ( 'part', '', ( #2178 ) ) ;
#1402 = EDGE_CURVE ( 'NONE', #2673, #239, #1692, .T. ) ;
#1403 = DIRECTION ( 'NONE',  ( 0.000000000000000000, 0.000000000000000000, 1.000000000000000000 ) ) ;
#1404 = AXIS2_PLACEMENT_3D ( 'NONE', #200, #872, #1077 ) ;
#1405 = CYLINDRICAL_SURFACE ( 'NONE', #1991, 3.499999999999999556 ) ;
#1406 = APPLICATION_CONTEXT ( 'automotive_design' ) ;
#1407 = ORIENTED_EDGE ( 'NONE', *, *, #336, .T. ) ;
#1408 = ADVANCED_FACE ( 'NONE', ( #1917 ), #2538, .T. ) ;
#1409 = VECTOR ( 'NONE', #1694, 1000.000000000000000 ) ;
#1410 = ORIENTED_EDGE ( 'NONE', *, *, #2472, .T. ) ;
#1411 = CARTESIAN_POINT ( 'NONE',  ( -33.79999999999997584, 7.200000000000000178, -23.80000000000000071 ) ) ;
#1412 = ORIENTED_EDGE ( 'NONE', *, *, #332, .T. ) ;
#1413 = CARTESIAN_POINT ( 'NONE',  ( -33.79999999999997584, 7.200000000000000178, -23.80000000000000071 ) ) ;
#1414 = AXIS2_PLACEMENT_3D ( 'NONE', #2562, #1731, #2134 ) ;
#1415 = DIRECTION ( 'NONE',  ( 0.000000000000000000, 0.000000000000000000, -1.000000000000000000 ) ) ;
#1416 = CARTESIAN_POINT ( 'NONE',  ( 33.79999999999997584, 7.200000000000000178, 23.79999999999999005 ) ) ;
#1417 = CARTESIAN_POINT ( 'NONE',  ( -35.20000000000000284, 2.399999999999999467, -15.13696565583996900 ) ) ;
#1418 = CIRCLE ( 'NONE', #1177, 3.499999999999999556 ) ;
#1419 = DIRECTION ( 'NONE',  ( -0.000000000000000000, -1.000000000000000000, -0.000000000000000000 ) ) ;
#1420 = ORIENTED_EDGE ( 'NONE', *, *, #2860, .F. ) ;
#1421 = AXIS2_PLACEMENT_3D ( 'NONE', #1767, #652, #410 ) ;
#1422 = VERTEX_POINT ( 'NONE', #1668 ) ;
#1423 = EDGE_CURVE ( 'NONE', #625, #854, #1646, .T. ) ;
#1424 = CYLINDRICAL_SURFACE ( 'NONE', #1359, 5.000000000000000888 ) ;
#1425 = DIRECTION ( 'NONE',  ( -0.000000000000000000, -1.000000000000000000, 0.000000000000000000 ) ) ;
#1426 = DIRECTION ( 'NONE',  ( 1.000000000000000000, -0.000000000000000000, -0.000000000000000000 ) ) ;
#1427 = CARTESIAN_POINT ( 'NONE',  ( -35.20000000000000284, 21.34213562373095741, 15.13696565583995834 ) ) ;
#1428 = EDGE_CURVE ( 'NONE', #1117, #28, #2582, .T. ) ;
#1429 = CARTESIAN_POINT ( 'NONE',  ( -34.39999999999999858, 1.600000000000000089, 20.80000000000000426 ) ) ;
#1430 = ADVANCED_FACE ( 'NONE', ( #2812 ), #403, .F. ) ;
#1431 = DIRECTION ( 'NONE',  ( 0.000000000000000000, 0.000000000000000000, -1.000000000000000000 ) ) ;
#1432 = ORIENTED_EDGE ( 'NONE', *, *, #95, .T. ) ;
#1433 = CIRCLE ( 'NONE', #1571, 0.7999999999999986011 ) ;
#1434 = VECTOR ( 'NONE', #1426, 1000.000000000000000 ) ;
#1435 = VECTOR ( 'NONE', #1474, 1000.000000000000000 ) ;
#1436 = VERTEX_POINT ( 'NONE', #1886 ) ;
#1437 = DIRECTION ( 'NONE',  ( -1.000000000000000000, 0.000000000000000000, 0.000000000000000000 ) ) ;
#1438 = EDGE_LOOP ( 'NONE', ( #1592, #1654, #1376, #1752, #1391 ) ) ;
#1439 = FACE_OUTER_BOUND ( 'NONE', #1180, .T. ) ;
#1440 = DIRECTION ( 'NONE',  ( 1.000000000000000000, 8.673617379884032317E-15, -0.000000000000000000 ) ) ;
#1441 = EDGE_CURVE ( 'NONE', #1836, #1277, #2162, .T. ) ;
#1442 = CARTESIAN_POINT ( 'NONE',  ( -31.50000000000000000, 0.9999999999999991118, -18.50000000000001776 ) ) ;
#1443 = CARTESIAN_POINT ( 'NONE',  ( -35.20000000000000284, 5.600000000000000533, 15.13696565583995834 ) ) ;
#1444 = DIRECTION ( 'NONE',  ( -0.000000000000000000, -1.000000000000000000, -0.000000000000000000 ) ) ;
#1445 = VECTOR ( 'NONE', #213, 1000.000000000000000 ) ;
#1446 = VECTOR ( 'NONE', #2610, 1000.000000000000000 ) ;
#1447 = PLANE ( 'NONE',  #2029 ) ;
#1448 = DIRECTION ( 'NONE',  ( 1.000000000000000000, 0.000000000000000000, 0.000000000000000000 ) ) ;
#1449 = ORIENTED_EDGE ( 'NONE', *, *, #1064, .T. ) ;
#1450 = VERTEX_POINT ( 'NONE', #2579 ) ;
#1451 = CARTESIAN_POINT ( 'NONE',  ( 12.29603262902054261, 1.737946332241484981, -21.86024367079747321 ) ) ;
#1452 = ORIENTED_EDGE ( 'NONE', *, *, #1005, .F. ) ;
#1453 = DIRECTION ( 'NONE',  ( 0.000000000000000000, 0.000000000000000000, -1.000000000000000000 ) ) ;
#1454 = DIRECTION ( 'NONE',  ( -0.000000000000000000, -0.000000000000000000, -1.000000000000000000 ) ) ;
#1455 = ADVANCED_FACE ( 'NONE', ( #169 ), #445, .T. ) ;
#1456 = AXIS2_PLACEMENT_3D ( 'NONE', #2219, #683, #1574 ) ;
#1457 = DIRECTION ( 'NONE',  ( 0.000000000000000000, 0.000000000000000000, -1.000000000000000000 ) ) ;
#1458 = DIRECTION ( 'NONE',  ( -0.01745240643728354982, -0.9998476951563911586, -0.000000000000000000 ) ) ;
#1459 = CYLINDRICAL_SURFACE ( 'NONE', #1395, 2.999999999999999112 ) ;
#1460 = ORIENTED_EDGE ( 'NONE', *, *, #244, .F. ) ;
#1461 = FACE_OUTER_BOUND ( 'NONE', #241, .T. ) ;
#1462 = TOROIDAL_SURFACE ( 'NONE', #2496, 2.200000000000001066, 0.8000000000000000444 ) ;
#1463 = CARTESIAN_POINT ( 'NONE',  ( -33.79999999999999716, 0.8000000000000003775, -20.80000000000000426 ) ) ;
#1464 = ORIENTED_EDGE ( 'NONE', *, *, #2752, .T. ) ;
#1465 = EDGE_LOOP ( 'NONE', ( #1132, #692, #558, #1765 ) ) ;
#1466 = ORIENTED_EDGE ( 'NONE', *, *, #1719, .F. ) ;
#1467 = LINE ( 'NONE', #319, #2862 ) ;
#1468 = CARTESIAN_POINT ( 'NONE',  ( -35.20000000000000284, 7.200000000000000178, -20.79999999999998295 ) ) ;
#1469 = CARTESIAN_POINT ( 'NONE',  ( 33.79999999999997584, 2.400000000000000355, -22.20000000000000995 ) ) ;
#1470 = CARTESIAN_POINT ( 'NONE',  ( 16.00000000000000000, 0.000000000000000000, -18.50000000000001776 ) ) ;
#1471 = CARTESIAN_POINT ( 'NONE',  ( 16.00000000000000000, 4.099999999999999645, -15.00000000000001954 ) ) ;
#1472 = DIRECTION ( 'NONE',  ( 0.000000000000000000, 0.000000000000000000, 1.000000000000000000 ) ) ;
#1473 = ORIENTED_EDGE ( 'NONE', *, *, #240, .F. ) ;
#1474 = DIRECTION ( 'NONE',  ( 1.668003342285393523E-16, -0.000000000000000000, -1.000000000000000000 ) ) ;
#1475 = VERTEX_POINT ( 'NONE', #2603 ) ;
#1476 = ORIENTED_EDGE ( 'NONE', *, *, #1766, .T. ) ;
#1477 = VECTOR ( 'NONE', #1660, 1000.000000000000000 ) ;
#1478 = ORIENTED_EDGE ( 'NONE', *, *, #698, .T. ) ;
#1479 = DIRECTION ( 'NONE',  ( -0.000000000000000000, -1.000000000000000000, -0.000000000000000000 ) ) ;
#1480 = VECTOR ( 'NONE', #674, 1000.000000000000000 ) ;
#1481 = DIRECTION ( 'NONE',  ( -0.000000000000000000, -1.000000000000000000, 0.000000000000000000 ) ) ;
#1482 = LINE ( 'NONE', #1710, #1434 ) ;
#1483 = LINE ( 'NONE', #1263, #1641 ) ;
#1484 = DIRECTION ( 'NONE',  ( -1.000000000000000000, 0.000000000000000000, 1.539695392878823672E-16 ) ) ;
#1485 = ORIENTED_EDGE ( 'NONE', *, *, #2097, .F. ) ;
#1486 = CARTESIAN_POINT ( 'NONE',  ( -31.50000000000000000, 0.9999999999999991118, -22.00000000000001776 ) ) ;
#1487 = ADVANCED_FACE ( 'NONE', ( #343 ), #122, .F. ) ;
#1488 = DIRECTION ( 'NONE',  ( 0.000000000000000000, -1.000000000000000000, 0.000000000000000000 ) ) ;
#1489 = EDGE_CURVE ( 'NONE', #2549, #2142, #603, .T. ) ;
#1490 = ORIENTED_EDGE ( 'NONE', *, *, #2773, .T. ) ;
#1491 = DIRECTION ( 'NONE',  ( 1.000000000000000000, -0.000000000000000000, -1.224646799147353207E-16 ) ) ;
#1492 = ADVANCED_FACE ( 'NONE', ( #1461 ), #818, .T. ) ;
#1493 = ORIENTED_EDGE ( 'NONE', *, *, #2783, .F. ) ;
#1494 = DIRECTION ( 'NONE',  ( -0.000000000000000000, -1.000000000000000000, 0.000000000000000000 ) ) ;
#1495 = VERTEX_POINT ( 'NONE', #470 ) ;
#1496 = ORIENTED_EDGE ( 'NONE', *, *, #2316, .T. ) ;
#1497 = CARTESIAN_POINT ( 'NONE',  ( -33.79999999999996874, 7.200000000000000178, 22.82792810388514937 ) ) ;
#1498 = CARTESIAN_POINT ( 'NONE',  ( -33.79999999999997584, 7.200000000000000178, 22.19999999999999929 ) ) ;
#1499 = CIRCLE ( 'NONE', #1739, 5.000000000000000888 ) ;
#1500 = CARTESIAN_POINT ( 'NONE',  ( 12.63696565583994769, 21.34213562373095741, -22.20000000000000639 ) ) ;
#1501 = CARTESIAN_POINT ( 'NONE',  ( 19.36303434416005231, 2.399999999999999467, 22.19999999999999574 ) ) ;
#1502 = AXIS2_PLACEMENT_3D ( 'NONE', #1704, #993, #1190 ) ;
#1503 = DIRECTION ( 'NONE',  ( 0.000000000000000000, 1.000000000000000000, 0.000000000000000000 ) ) ;
#1504 = PLANE ( 'NONE',  #139 ) ;
#1505 = DIRECTION ( 'NONE',  ( 0.000000000000000000, -1.000000000000000000, 0.000000000000000000 ) ) ;
#1506 = ORIENTED_EDGE ( 'NONE', *, *, #402, .T. ) ;
#1507 = CARTESIAN_POINT ( 'NONE',  ( 16.00000000000000000, 0.9999999999999991118, 18.50000000000000355 ) ) ;
#1508 = ORIENTED_EDGE ( 'NONE', *, *, #2874, .F. ) ;
#1509 = EDGE_LOOP ( 'NONE', ( #102, #489, #1960, #1851 ) ) ;
#1510 = DIRECTION ( 'NONE',  ( 0.000000000000000000, 0.000000000000000000, -1.000000000000000000 ) ) ;
#1511 = FACE_BOUND ( 'NONE', #2809, .T. ) ;
#1512 = VERTEX_POINT ( 'NONE', #1786 ) ;
#1513 = EDGE_CURVE ( 'NONE', #878, #2293, #237, .T. ) ;
#1514 = CARTESIAN_POINT ( 'NONE',  ( 19.36303434416005231, 21.34213562373095741, 22.19999999999999574 ) ) ;
#1515 = LINE ( 'NONE', #1091, #1445 ) ;
#1516 = CARTESIAN_POINT ( 'NONE',  ( -31.50000000000000000, 5.600000000000000533, -18.50000000000001776 ) ) ;
#1517 = ORIENTED_EDGE ( 'NONE', *, *, #2884, .F. ) ;
#1518 = PLANE ( 'NONE',  #189 ) ;
#1519 = ADVANCED_FACE ( 'NONE', ( #1065 ), #1775, .F. ) ;
#1520 = CARTESIAN_POINT ( 'NONE',  ( 16.00000000000000000, 5.599999999999999645, -18.50000000000001776 ) ) ;
#1521 = ORIENTED_EDGE ( 'NONE', *, *, #224, .F. ) ;
#1522 = VECTOR ( 'NONE', #538, 1000.000000000000000 ) ;
#1523 = EDGE_LOOP ( 'NONE', ( #1892, #1889, #1048, #1209, #1338, #1337, #2406, #150, #306, #1625 ) ) ;
#1524 = PLANE ( 'NONE',  #490 ) ;
#1525 = EDGE_CURVE ( 'NONE', #2756, #248, #435, .T. ) ;
#1526 = LINE ( 'NONE', #628, #2559 ) ;
#1527 = VECTOR ( 'NONE', #1552, 1000.000000000000000 ) ;
#1528 = AXIS2_PLACEMENT_3D ( 'NONE', #685, #2481, #1112 ) ;
#1529 = CARTESIAN_POINT ( 'NONE',  ( -31.50000000000000000, 21.34213562373095741, 13.50000000000000533 ) ) ;
#1530 = DIRECTION ( 'NONE',  ( -1.000000000000000000, 0.000000000000000000, 1.539695392878823672E-16 ) ) ;
#1531 = DIRECTION ( 'NONE',  ( -1.000000000000000000, 0.000000000000000000, 1.539695392878823672E-16 ) ) ;
#1532 = CIRCLE ( 'NONE', #2055, 1.000000000000000888 ) ;
#1533 = AXIS2_PLACEMENT_3D ( 'NONE', #86, #1437, #1642 ) ;
#1534 = CARTESIAN_POINT ( 'NONE',  ( 36.90423776759359242, 8.800000000000000711, 14.79999999999998828 ) ) ;
#1535 = ORIENTED_EDGE ( 'NONE', *, *, #673, .F. ) ;
#1536 = LINE ( 'NONE', #2624, #322 ) ;
#1537 = CARTESIAN_POINT ( 'NONE',  ( 16.00000000000000000, 8.801000000000000156, 18.50000000000000355 ) ) ;
#1538 = VERTEX_POINT ( 'NONE', #2856 ) ;
#1539 = ORIENTED_EDGE ( 'NONE', *, *, #543, .T. ) ;
#1540 = DIRECTION ( 'NONE',  ( 0.000000000000000000, 8.673617379884032317E-15, -1.000000000000000000 ) ) ;
#1541 = CIRCLE ( 'NONE', #202, 3.499999999999999556 ) ;
#1542 = PLANE ( 'NONE',  #1197 ) ;
#1543 = DIRECTION ( 'NONE',  ( 0.000000000000000000, -0.000000000000000000, -1.000000000000000000 ) ) ;
#1544 = AXIS2_PLACEMENT_3D ( 'NONE', #1332, #417, #2217 ) ;
#1545 = LINE ( 'NONE', #9, #1255 ) ;
#1546 = FACE_OUTER_BOUND ( 'NONE', #2015, .T. ) ;
#1547 = PRODUCT_DEFINITION_CONTEXT ( 'detailed design', #2256, 'design' ) ;
#1548 = CARTESIAN_POINT ( 'NONE',  ( -28.10403944824443201, 2.157359252756126722, 22.17046312081933124 ) ) ;
#1549 = VECTOR ( 'NONE', #383, 1000.000000000000000 ) ;
#1550 = EDGE_CURVE ( 'NONE', #2482, #740, #1173, .T. ) ;
#1551 = VECTOR ( 'NONE', #2841, 1000.000000000000000 ) ;
#1552 = DIRECTION ( 'NONE',  ( 0.000000000000000000, 0.000000000000000000, -1.000000000000000000 ) ) ;
#1553 = EDGE_LOOP ( 'NONE', ( #1290, #1579, #2321, #2391 ) ) ;
#1554 = ORIENTED_EDGE ( 'NONE', *, *, #590, .F. ) ;
#1555 = ADVANCED_FACE ( 'NONE', ( #1759 ), #2230, .F. ) ;
#1556 = DIRECTION ( 'NONE',  ( 0.000000000000000000, -1.000000000000000000, 0.000000000000000000 ) ) ;
#1557 = AXIS2_PLACEMENT_3D ( 'NONE', #2666, #615, #1586 ) ;
#1558 = DIRECTION ( 'NONE',  ( -0.000000000000000000, -1.000000000000000000, 0.000000000000000000 ) ) ;
#1559 = CARTESIAN_POINT ( 'NONE',  ( -35.82822418385246976, 7.183037590033473307, -14.79999999999997407 ) ) ;
#1560 = DIRECTION ( 'NONE',  ( -0.000000000000000000, -1.000000000000000000, 0.000000000000000000 ) ) ;
#1561 = CARTESIAN_POINT ( 'NONE',  ( -28.13696565583993703, 2.275998304897865587, -22.19999999999999929 ) ) ;
#1562 = CIRCLE ( 'NONE', #2504, 0.7999999999999999334 ) ;
#1563 = CARTESIAN_POINT ( 'NONE',  ( 33.79999999999999716, 7.200000000000000178, 20.79999999999999361 ) ) ;
#1564 = ORIENTED_EDGE ( 'NONE', *, *, #433, .T. ) ;
#1565 = ORIENTED_EDGE ( 'NONE', *, *, #2884, .T. ) ;
#1566 = FACE_OUTER_BOUND ( 'NONE', #1725, .T. ) ;
#1567 = FACE_OUTER_BOUND ( 'NONE', #2459, .T. ) ;
#1568 = ORIENTED_EDGE ( 'NONE', *, *, #2173, .F. ) ;
#1569 = SURFACE_SIDE_STYLE ('',( #2528 ) ) ;
#1570 = CARTESIAN_POINT ( 'NONE',  ( -31.50000000000000000, 0.000000000000000000, 23.00000000000000355 ) ) ;
#1571 = AXIS2_PLACEMENT_3D ( 'NONE', #84, #2753, #737 ) ;
#1572 = AXIS2_PLACEMENT_3D ( 'NONE', #900, #1793, #553 ) ;
#1573 = AXIS2_PLACEMENT_3D ( 'NONE', #388, #2207, #1067 ) ;
#1574 = DIRECTION ( 'NONE',  ( 0.000000000000000000, 0.000000000000000000, -1.000000000000000000 ) ) ;
#1575 = EDGE_CURVE ( 'NONE', #2800, #2175, #1799, .T. ) ;
#1576 = EDGE_CURVE ( 'NONE', #530, #963, #659, .T. ) ;
#1577 = EDGE_CURVE ( 'NONE', #100, #2827, #448, .T. ) ;
#1578 = CARTESIAN_POINT ( 'NONE',  ( -34.85997806959243661, 1.737918529625254616, 14.79581775045605774 ) ) ;
#1579 = ORIENTED_EDGE ( 'NONE', *, *, #516, .T. ) ;
#1580 = EDGE_CURVE ( 'NONE', #2248, #207, #2423, .T. ) ;
#1581 = ORIENTED_EDGE ( 'NONE', *, *, #1441, .F. ) ;
#1582 = CARTESIAN_POINT ( 'NONE',  ( -34.39999999999999858, 2.400000000000000355, 20.80000000000000426 ) ) ;
#1583 = AXIS2_PLACEMENT_3D ( 'NONE', #483, #2286, #1371 ) ;
#1584 = VERTEX_POINT ( 'NONE', #644 ) ;
#1585 = VERTEX_POINT ( 'NONE', #633 ) ;
#1586 = DIRECTION ( 'NONE',  ( 3.763833283672574905E-14, 0.000000000000000000, -1.000000000000000000 ) ) ;
#1587 = CARTESIAN_POINT ( 'NONE',  ( 16.00000000000000000, 8.801000000000000156, -18.50000000000001776 ) ) ;
#1588 = CARTESIAN_POINT ( 'NONE',  ( -31.50000000000000000, 0.9999999999999991118, -18.50000000000001776 ) ) ;
#1589 = CARTESIAN_POINT ( 'NONE',  ( 16.00000000000000000, 8.801000000000000156, -20.20000000000001705 ) ) ;
#1590 = DIRECTION ( 'NONE',  ( 0.000000000000000000, 0.000000000000000000, -1.000000000000000000 ) ) ;
#1591 = VECTOR ( 'NONE', #250, 1000.000000000000000 ) ;
#1592 = ORIENTED_EDGE ( 'NONE', *, *, #1614, .F. ) ;
#1593 = ORIENTED_EDGE ( 'NONE', *, *, #1147, .F. ) ;
#1594 = AXIS2_PLACEMENT_3D ( 'NONE', #488, #1350, #1375 ) ;
#1595 = CARTESIAN_POINT ( 'NONE',  ( 33.79999999999999716, 8.800000000000000711, -20.80000000000001137 ) ) ;
#1596 = VERTEX_POINT ( 'NONE', #2681 ) ;
#1597 = ORIENTED_EDGE ( 'NONE', *, *, #2665, .T. ) ;
#1598 = LINE ( 'NONE', #2502, #1874 ) ;
#1599 = CLOSED_SHELL ( 'NONE', ( #1817, #2479, #1955, #2534, #1519, #849, #888, #2021, #37, #1206, #1709, #1884, #498, #1492, #1773, #1185, #2663, #1143, #540, #1972, #2412, #1735, #1487, #2414, #1800, #1278, #2378, #1833, #884, #824, #801, #2019, #968, #1325, #1408, #967, #2079, #370, #1183, #2360, #162, #2313, #1861, #1555, #668, #1097, #2263, #2498, #2242, #2101, #1321, #987, #2533, #2339, #36, #282, #584, #493, #73, #70, #1398, #1128, #2133, #2645, #1106, #1272, #1032, #1430, #1708, #1751, #312, #1317, #793, #1455, #265, #2748, #2354, #32, #891, #2707, #1364, #1714, #1341, #280, #279, #2415, #460, #2355, #373, #1990, #2040, #1745 ) ) ;
#1600 = CARTESIAN_POINT ( 'NONE',  ( -31.50000000000000000, 4.099999999999999645, 22.00000000000000711 ) ) ;
#1601 = EDGE_CURVE ( 'NONE', #2223, #1006, #2218, .T. ) ;
#1602 = DIRECTION ( 'NONE',  ( -1.000000000000000000, 0.000000000000000000, -0.000000000000000000 ) ) ;
#1603 = CARTESIAN_POINT ( 'NONE',  ( -27.57272344594991864, 1.618569107773516258, 21.59681244666464295 ) ) ;
#1604 = LINE ( 'NONE', #1347, #2141 ) ;
#1605 = CIRCLE ( 'NONE', #1656, 0.5999999999999998668 ) ;
#1606 = ORIENTED_EDGE ( 'NONE', *, *, #2200, .F. ) ;
#1607 = ORIENTED_EDGE ( 'NONE', *, *, #964, .T. ) ;
#1608 = PLANE ( 'NONE',  #2828 ) ;
#1609 = ORIENTED_EDGE ( 'NONE', *, *, #1211, .F. ) ;
#1610 = ORIENTED_EDGE ( 'NONE', *, *, #2348, .F. ) ;
#1611 = EDGE_CURVE ( 'NONE', #2143, #626, #2492, .T. ) ;
#1612 = LINE ( 'NONE', #1393, #2258 ) ;
#1613 = DIRECTION ( 'NONE',  ( -0.000000000000000000, -1.000000000000000000, -0.000000000000000000 ) ) ;
#1614 = EDGE_CURVE ( 'NONE', #1352, #2641, #2865, .T. ) ;
#1615 = EDGE_CURVE ( 'NONE', #2377, #1744, #1302, .T. ) ;
#1616 = EDGE_CURVE ( 'NONE', #562, #2641, #2344, .T. ) ;
#1617 = DIRECTION ( 'NONE',  ( -1.000000000000000000, 0.000000000000000000, 1.539695392878823672E-16 ) ) ;
#1618 = CARTESIAN_POINT ( 'NONE',  ( 19.92833801998031618, 1.618214285317884915, -21.59547443559326041 ) ) ;
#1619 = AXIS2_PLACEMENT_3D ( 'NONE', #2660, #1738, #1042 ) ;
#1620 = EDGE_CURVE ( 'NONE', #2365, #2537, #1639, .T. ) ;
#1621 =( GEOMETRIC_REPRESENTATION_CONTEXT ( 3 ) GLOBAL_UNCERTAINTY_ASSIGNED_CONTEXT ( ( #1869 ) ) GLOBAL_UNIT_ASSIGNED_CONTEXT ( ( #1634, #2358, #2329 ) ) REPRESENTATION_CONTEXT ( 'NONE', 'WORKASPACE' ) );
#1622 = CIRCLE ( 'NONE', #507, 1.700000000000000178 ) ;
#1623 = CARTESIAN_POINT ( 'NONE',  ( 33.79999999999999716, 8.800000000000000711, 20.79999999999999361 ) ) ;
#1624 = ORIENTED_EDGE ( 'NONE', *, *, #1005, .T. ) ;
#1625 = ORIENTED_EDGE ( 'NONE', *, *, #2840, .T. ) ;
#1626 = ORIENTED_EDGE ( 'NONE', *, *, #610, .T. ) ;
#1627 = DIRECTION ( 'NONE',  ( -1.000000000000000000, 0.000000000000000000, 0.000000000000000000 ) ) ;
#1628 = ORIENTED_EDGE ( 'NONE', *, *, #2102, .F. ) ;
#1629 = FACE_OUTER_BOUND ( 'NONE', #1094, .T. ) ;
#1630 = LINE ( 'NONE', #1394, #741 ) ;
#1631 = TOROIDAL_SURFACE ( 'NONE', #145, 4.499999999999996447, 1.000000000000000000 ) ;
#1632 = CARTESIAN_POINT ( 'NONE',  ( 36.90423776759359242, 5.913487744281863634, -14.79999999999997407 ) ) ;
#1633 = CARTESIAN_POINT ( 'NONE',  ( -34.50027832807398198, 1.600000000000000311, -14.49831494567813905 ) ) ;
#1634 =( LENGTH_UNIT ( ) NAMED_UNIT ( * ) SI_UNIT ( .MILLI., .METRE. ) );
#1635 = AXIS2_PLACEMENT_3D ( 'NONE', #2184, #401, #2435 ) ;
#1636 = DIRECTION ( 'NONE',  ( -0.000000000000000000, -1.000000000000000000, 0.000000000000000000 ) ) ;
#1637 = EDGE_CURVE ( 'NONE', #1744, #1736, #2506, .T. ) ;
#1638 = ORIENTED_EDGE ( 'NONE', *, *, #2161, .F. ) ;
#1639 = B_SPLINE_CURVE_WITH_KNOTS ( 'NONE', 3,
 ( #1318, #2002, #1548, #2453, #1334, #970, #735, #1603, #956, #83 ),
 .UNSPECIFIED., .F., .F.,
 ( 4, 2, 2, 2, 4 ),
 ( 8.673617379884035472E-19, 0.0003651328685236812513, 0.0007302657370473616353, 0.001095398605571042128, 0.001460531474094722403 ),
 .UNSPECIFIED. ) ;
#1640 = VERTEX_POINT ( 'NONE', #526 ) ;
#1641 = VECTOR ( 'NONE', #1282, 1000.000000000000000 ) ;
#1642 = DIRECTION ( 'NONE',  ( 0.000000000000000000, 0.000000000000000000, 1.000000000000000000 ) ) ;
#1643 = ORIENTED_EDGE ( 'NONE', *, *, #2710, .T. ) ;
#1644 = EDGE_CURVE ( 'NONE', #1512, #464, #1855, .T. ) ;
#1645 = DIRECTION ( 'NONE',  ( 0.000000000000000000, 0.01745240643728354982, -0.9998476951563912696 ) ) ;
#1646 = CIRCLE ( 'NONE', #1414, 1.000000000000000888 ) ;
#1647 = CARTESIAN_POINT ( 'NONE',  ( -35.19999999999999574, 5.599999999999999645, 20.79999999999999361 ) ) ;
#1648 = EDGE_CURVE ( 'NONE', #2651, #2494, #736, .T. ) ;
#1649 = CARTESIAN_POINT ( 'NONE',  ( -35.82822418385246976, 7.183037590033473307, -14.79999999999997407 ) ) ;
#1650 = LINE ( 'NONE', #2544, #1522 ) ;
#1651 =( GEOMETRIC_REPRESENTATION_CONTEXT ( 3 ) GLOBAL_UNCERTAINTY_ASSIGNED_CONTEXT ( ( #326 ) ) GLOBAL_UNIT_ASSIGNED_CONTEXT ( ( #1379, #2050, #720 ) ) REPRESENTATION_CONTEXT ( 'NONE', 'WORKASPACE' ) );
#1652 = DIRECTION ( 'NONE',  ( 0.000000000000000000, 0.000000000000000000, 1.000000000000000000 ) ) ;
#1653 = DIRECTION ( 'NONE',  ( 0.000000000000000000, 1.000000000000000000, -0.000000000000000000 ) ) ;
#1654 = ORIENTED_EDGE ( 'NONE', *, *, #2769, .F. ) ;
#1655 = ORIENTED_EDGE ( 'NONE', *, *, #289, .F. ) ;
#1656 = AXIS2_PLACEMENT_3D ( 'NONE', #1072, #1041, #429 ) ;
#1657 = DIRECTION ( 'NONE',  ( -1.539695392878823672E-16, 0.000000000000000000, -1.000000000000000000 ) ) ;
#1658 = ORIENTED_EDGE ( 'NONE', *, *, #1620, .T. ) ;
#1659 = DIRECTION ( 'NONE',  ( -1.000000000000000000, 0.000000000000000000, -8.673617379884013384E-15 ) ) ;
#1660 = DIRECTION ( 'NONE',  ( 1.000000000000000000, -0.000000000000000000, -1.539695392878823672E-16 ) ) ;
#1661 = LINE ( 'NONE', #2553, #1311 ) ;
#1662 = CARTESIAN_POINT ( 'NONE',  ( 16.00000000000000000, 4.099999999999999645, 20.20000000000000284 ) ) ;
#1663 = LINE ( 'NONE', #567, #347 ) ;
#1664 = DIRECTION ( 'NONE',  ( 0.000000000000000000, 0.000000000000000000, -1.000000000000000000 ) ) ;
#1665 = AXIS2_PLACEMENT_3D ( 'NONE', #2083, #1617, #2103 ) ;
#1666 = EDGE_CURVE ( 'NONE', #2061, #2197, #1715, .T. ) ;
#1667 = CIRCLE ( 'NONE', #53, 0.8000000000000020428 ) ;
#1668 = CARTESIAN_POINT ( 'NONE',  ( -35.20000000000000284, 8.800000000000000711, -20.79999999999998295 ) ) ;
#1669 = CIRCLE ( 'NONE', #1295, 1.400000000000001910 ) ;
#1670 = ORIENTED_EDGE ( 'NONE', *, *, #2535, .F. ) ;
#1671 = ORIENTED_EDGE ( 'NONE', *, *, #1795, .T. ) ;
#1672 = CIRCLE ( 'NONE', #602, 1.700000000000000178 ) ;
#1673 = EDGE_CURVE ( 'NONE', #1836, #1258, #971, .T. ) ;
#1674 = VECTOR ( 'NONE', #1305, 1000.000000000000000 ) ;
#1675 = EDGE_LOOP ( 'NONE', ( #2609, #2606, #1732, #1508 ) ) ;
#1676 = DIRECTION ( 'NONE',  ( 0.000000000000000000, -1.000000000000000000, 0.000000000000000000 ) ) ;
#1677 = DIRECTION ( 'NONE',  ( -1.000000000000000000, 0.000000000000000000, 1.026463595252549073E-16 ) ) ;
#1678 = DIRECTION ( 'NONE',  ( 1.000000000000000000, -0.000000000000000000, -1.539695392878823672E-16 ) ) ;
#1679 = DIRECTION ( 'NONE',  ( -0.000000000000000000, -1.000000000000000000, 0.000000000000000000 ) ) ;
#1680 = CARTESIAN_POINT ( 'NONE',  ( 36.79999999999999716, 7.200000000000000178, -20.79999999999999361 ) ) ;
#1681 = ORIENTED_EDGE ( 'NONE', *, *, #1601, .F. ) ;
#1682 = AXIS2_PLACEMENT_3D ( 'NONE', #2000, #1560, #1797 ) ;
#1683 = VECTOR ( 'NONE', #1058, 1000.000000000000000 ) ;
#1684 = CARTESIAN_POINT ( 'NONE',  ( 33.79999999999997584, 7.200000000000000178, 23.79999999999999005 ) ) ;
#1685 = CONTEXT_DEPENDENT_SHAPE_REPRESENTATION ( #2403, #1914 ) ;
#1686 = DIRECTION ( 'NONE',  ( 1.000000000000000000, -0.000000000000000000, -1.539695392878823672E-16 ) ) ;
#1687 = ORIENTED_EDGE ( 'NONE', *, *, #2450, .T. ) ;
#1688 = ORIENTED_EDGE ( 'NONE', *, *, #2665, .F. ) ;
#1689 = VERTEX_POINT ( 'NONE', #2532 ) ;
#1690 = CARTESIAN_POINT ( 'NONE',  ( 16.00000000000000000, 0.9999999999999991118, 15.00000000000000355 ) ) ;
#1691 = DIRECTION ( 'NONE',  ( 0.000000000000000000, 0.000000000000000000, -1.000000000000000000 ) ) ;
#1692 = CIRCLE ( 'NONE', #901, 1.700000000000000178 ) ;
#1693 = LINE ( 'NONE', #2587, #89 ) ;
#1694 = DIRECTION ( 'NONE',  ( 0.000000000000000000, 0.000000000000000000, 1.000000000000000000 ) ) ;
#1695 = CARTESIAN_POINT ( 'NONE',  ( -35.79999999999999716, 8.800000000000000711, 20.79999999999999005 ) ) ;
#1696 = ORIENTED_EDGE ( 'NONE', *, *, #1316, .T. ) ;
#1697 = DIRECTION ( 'NONE',  ( -0.000000000000000000, -1.000000000000000000, -0.000000000000000000 ) ) ;
#1698 = AXIS2_PLACEMENT_3D ( 'NONE', #2148, #1934, #2352 ) ;
#1699 = ORIENTED_EDGE ( 'NONE', *, *, #2835, .F. ) ;
#1700 = CARTESIAN_POINT ( 'NONE',  ( 36.00000000000000000, 0.8000000000000003775, 20.79999999999997939 ) ) ;
#1701 = ORIENTED_EDGE ( 'NONE', *, *, #2023, .F. ) ;
#1702 = DIRECTION ( 'NONE',  ( 0.000000000000000000, 1.000000000000000000, -0.000000000000000000 ) ) ;
#1703 = ORIENTED_EDGE ( 'NONE', *, *, #74, .T. ) ;
#1704 = CARTESIAN_POINT ( 'NONE',  ( 33.79999999999999716, 2.400000000000000355, 20.79999999999999361 ) ) ;
#1705 = CARTESIAN_POINT ( 'NONE',  ( 36.79999999999999716, 7.200000000000000178, 20.79999999999997229 ) ) ;
#1706 = CIRCLE ( 'NONE', #910, 1.399999999999998579 ) ;
#1707 = EDGE_CURVE ( 'NONE', #509, #882, #2480, .T. ) ;
#1708 = ADVANCED_FACE ( 'NONE', ( #2762 ), #2205, .F. ) ;
#1709 = ADVANCED_FACE ( 'NONE', ( #2545 ), #252, .F. ) ;
#1710 = CARTESIAN_POINT ( 'NONE',  ( -33.79999999999999716, 7.200000000000000178, 22.82792810388514937 ) ) ;
#1711 = CARTESIAN_POINT ( 'NONE',  ( -33.79999999999999716, 8.800000000000000711, 20.80000000000000426 ) ) ;
#1712 = FACE_OUTER_BOUND ( 'NONE', #2605, .T. ) ;
#1713 = CARTESIAN_POINT ( 'NONE',  ( -33.79999999999999716, 0.8000000000000003775, -20.80000000000000426 ) ) ;
#1714 = ADVANCED_FACE ( 'NONE', ( #1136 ), #2851, .T. ) ;
#1715 = B_SPLINE_CURVE_WITH_KNOTS ( 'NONE', 3,
 ( #1417, #1844, #2751, #38, #1149, #2056, #298, #749, #1633, #1164 ),
 .UNSPECIFIED., .F., .F.,
 ( 4, 2, 2, 2, 4 ),
 ( 8.673617379884035472E-19, 0.0003651328685236825524, 0.0007302657370473642374, 0.001095398605571046031, 0.001460531474094727607 ),
 .UNSPECIFIED. ) ;
#1716 = CARTESIAN_POINT ( 'NONE',  ( -31.50000000000000000, 21.34213562373095741, 18.50000000000000711 ) ) ;
#1717 = ORIENTED_EDGE ( 'NONE', *, *, #670, .F. ) ;
#1718 = DIRECTION ( 'NONE',  ( -0.000000000000000000, -1.000000000000000000, 0.000000000000000000 ) ) ;
#1719 = EDGE_CURVE ( 'NONE', #1307, #2087, #2272, .T. ) ;
#1720 = ORIENTED_EDGE ( 'NONE', *, *, #1719, .T. ) ;
#1721 = CARTESIAN_POINT ( 'NONE',  ( -33.79999999999999716, 0.000000000000000000, 20.80000000000000426 ) ) ;
#1722 = ORIENTED_EDGE ( 'NONE', *, *, #2121, .T. ) ;
#1723 = VECTOR ( 'NONE', #1247, 1000.000000000000000 ) ;
#1724 = CARTESIAN_POINT ( 'NONE',  ( -31.50000000000000000, 8.801000000000000156, -20.20000000000001705 ) ) ;
#1725 = EDGE_LOOP ( 'NONE', ( #2413, #2022, #1829, #2060, #1452 ) ) ;
#1726 = CYLINDRICAL_SURFACE ( 'NONE', #406, 1.700000000000000178 ) ;
#1727 = DIRECTION ( 'NONE',  ( -0.000000000000000000, -1.000000000000000000, -0.000000000000000000 ) ) ;
#1728 = DIRECTION ( 'NONE',  ( -0.000000000000000000, -1.000000000000000000, -0.000000000000000000 ) ) ;
#1729 = DIRECTION ( 'NONE',  ( 0.000000000000000000, 1.000000000000000000, 0.000000000000000000 ) ) ;
#1730 = FACE_OUTER_BOUND ( 'NONE', #847, .T. ) ;
#1731 = DIRECTION ( 'NONE',  ( 1.000000000000000000, -0.000000000000000000, -1.224646799147353207E-16 ) ) ;
#1732 = ORIENTED_EDGE ( 'NONE', *, *, #995, .F. ) ;
#1733 = DIRECTION ( 'NONE',  ( 0.000000000000000000, 0.000000000000000000, -1.000000000000000000 ) ) ;
#1734 = ORIENTED_EDGE ( 'NONE', *, *, #281, .T. ) ;
#1735 = ADVANCED_FACE ( 'NONE', ( #55 ), #931, .T. ) ;
#1736 = VERTEX_POINT ( 'NONE', #67 ) ;
#1737 = CARTESIAN_POINT ( 'NONE',  ( -33.79999999999999716, 1.600000000000000089, 20.80000000000000426 ) ) ;
#1738 = DIRECTION ( 'NONE',  ( -0.000000000000000000, 0.000000000000000000, 1.000000000000000000 ) ) ;
#1739 = AXIS2_PLACEMENT_3D ( 'NONE', #2542, #1425, #1691 ) ;
#1740 = ORIENTED_EDGE ( 'NONE', *, *, #2236, .T. ) ;
#1741 = DIRECTION ( 'NONE',  ( -0.000000000000000000, -1.000000000000000000, 0.000000000000000000 ) ) ;
#1742 = CIRCLE ( 'NONE', #247, 4.500000000000000888 ) ;
#1743 = CARTESIAN_POINT ( 'NONE',  ( -35.19999999999999574, 8.800000000000000711, -14.79999999999997407 ) ) ;
#1744 = VERTEX_POINT ( 'NONE', #723 ) ;
#1745 = ADVANCED_FACE ( 'NONE', ( #149 ), #2557, .F. ) ;
#1746 = CARTESIAN_POINT ( 'NONE',  ( -35.19999999999999574, 7.200000000000000178, 20.79999999999999361 ) ) ;
#1747 = EDGE_LOOP ( 'NONE', ( #1449, #1155, #2872, #42 ) ) ;
#1748 = DIRECTION ( 'NONE',  ( -0.01745240643728356023, -0.9998476951563912696, 0.000000000000000000 ) ) ;
#1749 = DIRECTION ( 'NONE',  ( 6.055019831808887400E-17, -0.9998476951563911586, -0.01745240643728354982 ) ) ;
#1750 = ORIENTED_EDGE ( 'NONE', *, *, #2769, .T. ) ;
#1751 = ADVANCED_FACE ( 'NONE', ( #1730 ), #168, .F. ) ;
#1752 = ORIENTED_EDGE ( 'NONE', *, *, #1102, .T. ) ;
#1753 = CARTESIAN_POINT ( 'NONE',  ( -31.50000000000000000, 8.801000000000000156, -18.50000000000001776 ) ) ;
#1754 = DIRECTION ( 'NONE',  ( 1.000000000000000000, 0.000000000000000000, -1.539695392878823672E-16 ) ) ;
#1755 = CARTESIAN_POINT ( 'NONE',  ( -33.79999999999999716, 0.000000000000000000, 20.80000000000000426 ) ) ;
#1756 = AXIS2_PLACEMENT_3D ( 'NONE', #1737, #2416, #209 ) ;
#1757 = LINE ( 'NONE', #2647, #197 ) ;
#1758 = PRODUCT ( '\X2\4e0b58f3\X0\2', '\X2\4e0b58f3\X0\2', '', ( #111 ) ) ;
#1759 = FACE_OUTER_BOUND ( 'NONE', #2730, .T. ) ;
#1760 = ORIENTED_EDGE ( 'NONE', *, *, #2572, .T. ) ;
#1761 = CARTESIAN_POINT ( 'NONE',  ( 36.00000000000000000, 0.000000000000000000, 20.79999999999997229 ) ) ;
#1762 = DIRECTION ( 'NONE',  ( -1.000000000000000000, -0.000000000000000000, -0.000000000000000000 ) ) ;
#1763 = ORIENTED_EDGE ( 'NONE', *, *, #580, .F. ) ;
#1764 = AXIS2_PLACEMENT_3D ( 'NONE', #1076, #1530, #512 ) ;
#1765 = ORIENTED_EDGE ( 'NONE', *, *, #1835, .F. ) ;
#1766 = EDGE_CURVE ( 'NONE', #651, #1815, #2803, .T. ) ;
#1767 = CARTESIAN_POINT ( 'NONE',  ( 16.00000000000000000, 4.099999999999999645, -18.50000000000001776 ) ) ;
#1768 = CARTESIAN_POINT ( 'NONE',  ( -31.50000000000000000, 15.49949493661166322, 18.50000000000000711 ) ) ;
#1769 = VECTOR ( 'NONE', #1678, 1000.000000000000000 ) ;
#1770 = CIRCLE ( 'NONE', #776, 3.499999999999999556 ) ;
#1771 = DIRECTION ( 'NONE',  ( 0.000000000000000000, 0.000000000000000000, -1.000000000000000000 ) ) ;
#1772 = DIRECTION ( 'NONE',  ( 0.000000000000000000, 0.000000000000000000, 1.000000000000000000 ) ) ;
#1773 = ADVANCED_FACE ( 'NONE', ( #353 ), #1029, .T. ) ;
#1774 = CIRCLE ( 'NONE', #43, 0.8000000000000020428 ) ;
#1775 = CYLINDRICAL_SURFACE ( 'NONE', #393, 1.700000000000000178 ) ;
#1776 = ORIENTED_EDGE ( 'NONE', *, *, #2138, .T. ) ;
#1777 = DIRECTION ( 'NONE',  ( 0.000000000000000000, 0.000000000000000000, -1.000000000000000000 ) ) ;
#1778 = ORIENTED_EDGE ( 'NONE', *, *, #675, .T. ) ;
#1779 = CIRCLE ( 'NONE', #1070, 4.999999999999997335 ) ;
#1780 = VERTEX_POINT ( 'NONE', #2370 ) ;
#1781 = LINE ( 'NONE', #2250, #452 ) ;
#1782 = LINE ( 'NONE', #1498, #1810 ) ;
#1783 = CARTESIAN_POINT ( 'NONE',  ( 20.00168505432187871, 1.600000000000000311, 21.50027832807397843 ) ) ;
#1784 = AXIS2_PLACEMENT_3D ( 'NONE', #2297, #2704, #2310 ) ;
#1785 = CARTESIAN_POINT ( 'NONE',  ( -31.50000000000000000, 8.801000000000000156, -16.80000000000001492 ) ) ;
#1786 = CARTESIAN_POINT ( 'NONE',  ( 16.00000000000000000, 5.599999999999999645, -20.20000000000001705 ) ) ;
#1787 = CIRCLE ( 'NONE', #524, 3.000000000000002665 ) ;
#1788 = AXIS2_PLACEMENT_3D ( 'NONE', #1684, #569, #137 ) ;
#1789 = CARTESIAN_POINT ( 'NONE',  ( 33.79999999999996874, 7.200000000000000178, -22.82792810388515647 ) ) ;
#1790 = ORIENTED_EDGE ( 'NONE', *, *, #378, .T. ) ;
#1791 = ORIENTED_EDGE ( 'NONE', *, *, #2284, .T. ) ;
#1792 = DIRECTION ( 'NONE',  ( 0.000000000000000000, 0.000000000000000000, -1.000000000000000000 ) ) ;
#1793 = DIRECTION ( 'NONE',  ( 0.000000000000000000, 1.000000000000000000, -0.000000000000000000 ) ) ;
#1794 = ORIENTED_EDGE ( 'NONE', *, *, #2835, .T. ) ;
#1795 = EDGE_CURVE ( 'NONE', #2754, #2249, #802, .T. ) ;
#1796 = DIRECTION ( 'NONE',  ( 0.000000000000000000, 1.000000000000000000, -0.000000000000000000 ) ) ;
#1797 = DIRECTION ( 'NONE',  ( 0.000000000000000000, 0.000000000000000000, -1.000000000000000000 ) ) ;
#1798 = EDGE_CURVE ( 'NONE', #1736, #2249, #1883, .T. ) ;
#1799 = LINE ( 'NONE', #1746, #527 ) ;
#1800 = ADVANCED_FACE ( 'NONE', ( #764 ), #2165, .F. ) ;
#1801 = CIRCLE ( 'NONE', #2733, 4.999999999999997335 ) ;
#1802 = DIRECTION ( 'NONE',  ( -0.000000000000000000, -0.000000000000000000, 1.000000000000000000 ) ) ;
#1803 = ORIENTED_EDGE ( 'NONE', *, *, #1856, .F. ) ;
#1804 = ORIENTED_EDGE ( 'NONE', *, *, #2319, .T. ) ;
#1805 = DIRECTION ( 'NONE',  ( -0.000000000000000000, -1.000000000000000000, -0.000000000000000000 ) ) ;
#1806 = EDGE_LOOP ( 'NONE', ( #16, #2332, #473, #2154, #2032 ) ) ;
#1807 = ORIENTED_EDGE ( 'NONE', *, *, #1240, .F. ) ;
#1808 = DIRECTION ( 'NONE',  ( 1.000000000000000000, -0.000000000000000000, -1.224646799147353207E-16 ) ) ;
#1809 = FACE_OUTER_BOUND ( 'NONE', #2738, .T. ) ;
#1810 = VECTOR ( 'NONE', #664, 1000.000000000000000 ) ;
#1811 = VECTOR ( 'NONE', #2071, 1000.000000000000000 ) ;
#1812 = DIRECTION ( 'NONE',  ( -0.000000000000000000, 0.000000000000000000, 1.000000000000000000 ) ) ;
#1813 = CARTESIAN_POINT ( 'NONE',  ( 33.79999999999999716, 8.800000000000000711, 20.79999999999999361 ) ) ;
#1814 = ORIENTED_EDGE ( 'NONE', *, *, #1766, .F. ) ;
#1815 = VERTEX_POINT ( 'NONE', #1232 ) ;
#1816 = CARTESIAN_POINT ( 'NONE',  ( 19.36303434416005231, 2.399999999999999467, -22.20000000000000639 ) ) ;
#1817 = ADVANCED_FACE ( 'NONE', ( #781 ), #1631, .T. ) ;
#1818 = VERTEX_POINT ( 'NONE', #1471 ) ;
#1819 = ORIENTED_EDGE ( 'NONE', *, *, #1611, .T. ) ;
#1820 = AXIS2_PLACEMENT_3D ( 'NONE', #2798, #1702, #808 ) ;
#1821 = DIRECTION ( 'NONE',  ( 0.000000000000000000, 0.000000000000000000, -1.000000000000000000 ) ) ;
#1822 = CARTESIAN_POINT ( 'NONE',  ( -36.79999999999999716, 7.200000000000000178, 20.79999999999998295 ) ) ;
#1823 = VECTOR ( 'NONE', #2335, 1000.000000000000000 ) ;
#1824 = PLANE ( 'NONE',  #552 ) ;
#1825 = CARTESIAN_POINT ( 'NONE',  ( 19.49781473163229606, 1.953897996922342006, -22.07354682818836977 ) ) ;
#1826 = DIRECTION ( 'NONE',  ( -0.000000000000000000, -1.000000000000000000, 0.000000000000000000 ) ) ;
#1827 = VERTEX_POINT ( 'NONE', #1680 ) ;
#1828 = EDGE_CURVE ( 'NONE', #2197, #1495, #2130, .T. ) ;
#1829 = ORIENTED_EDGE ( 'NONE', *, *, #716, .F. ) ;
#1830 = VECTOR ( 'NONE', #846, 1000.000000000000000 ) ;
#1831 = EDGE_CURVE ( 'NONE', #625, #330, #380, .T. ) ;
#1832 = DIRECTION ( 'NONE',  ( 0.000000000000000000, -1.000000000000000000, 0.000000000000000000 ) ) ;
#1833 = ADVANCED_FACE ( 'NONE', ( #984 ), #1459, .T. ) ;
#1834 = EDGE_CURVE ( 'NONE', #2566, #1863, #2016, .T. ) ;
#1835 = EDGE_CURVE ( 'NONE', #520, #972, #838, .T. ) ;
#1836 = VERTEX_POINT ( 'NONE', #2149 ) ;
#1837 = CARTESIAN_POINT ( 'NONE',  ( -36.79999999999999716, 7.200000000000000178, 20.79999999999998295 ) ) ;
#1838 = ORIENTED_EDGE ( 'NONE', *, *, #1616, .F. ) ;
#1839 = DIRECTION ( 'NONE',  ( -0.000000000000000000, -1.000000000000000000, 0.000000000000000000 ) ) ;
#1840 = CIRCLE ( 'NONE', #711, 4.500000000000000888 ) ;
#1841 = LINE ( 'NONE', #510, #385 ) ;
#1842 = EDGE_CURVE ( 'NONE', #2651, #2638, #583, .T. ) ;
#1843 = CARTESIAN_POINT ( 'NONE',  ( 16.00000000000000000, 8.801000000000000156, 20.20000000000000284 ) ) ;
#1844 = CARTESIAN_POINT ( 'NONE',  ( -35.19999999999999574, 2.275994956759724630, -15.13696565583997078 ) ) ;
#1845 = CARTESIAN_POINT ( 'NONE',  ( -35.82792810388514226, 7.200000000000000178, 20.80000000000000426 ) ) ;
#1846 = CIRCLE ( 'NONE', #1335, 0.8000000000000020428 ) ;
#1847 = DIRECTION ( 'NONE',  ( 0.000000000000000000, 0.000000000000000000, -1.000000000000000000 ) ) ;
#1848 = ORIENTED_EDGE ( 'NONE', *, *, #1120, .F. ) ;
#1849 = ORIENTED_EDGE ( 'NONE', *, *, #2683, .T. ) ;
#1850 = DIRECTION ( 'NONE',  ( 0.000000000000000000, 0.000000000000000000, 1.000000000000000000 ) ) ;
#1851 = ORIENTED_EDGE ( 'NONE', *, *, #1577, .T. ) ;
#1852 = DIRECTION ( 'NONE',  ( 0.000000000000000000, 0.000000000000000000, -1.000000000000000000 ) ) ;
#1853 = DIRECTION ( 'NONE',  ( 0.000000000000000000, 1.000000000000000000, -0.000000000000000000 ) ) ;
#1854 = CARTESIAN_POINT ( 'NONE',  ( 16.00000000000000000, 15.49949493661166322, -18.50000000000001776 ) ) ;
#1855 = LINE ( 'NONE', #1589, #559 ) ;
#1856 = EDGE_CURVE ( 'NONE', #2411, #909, #1779, .T. ) ;
#1857 = AXIS2_PLACEMENT_3D ( 'NONE', #1866, #2761, #2128 ) ;
#1858 =( GEOMETRIC_REPRESENTATION_CONTEXT ( 3 ) GLOBAL_UNCERTAINTY_ASSIGNED_CONTEXT ( ( #2203 ) ) GLOBAL_UNIT_ASSIGNED_CONTEXT ( ( #570, #2794, #957 ) ) REPRESENTATION_CONTEXT ( 'NONE', 'WORKASPACE' ) );
#1859 = CIRCLE ( 'NONE', #2244, 2.999999999999999112 ) ;
#1860 = CARTESIAN_POINT ( 'NONE',  ( -31.50000000000000000, 15.49949493661166322, -18.50000000000001776 ) ) ;
#1861 = ADVANCED_FACE ( 'NONE', ( #1712 ), #599, .T. ) ;
#1862 = ORIENTED_EDGE ( 'NONE', *, *, #670, .T. ) ;
#1863 = VERTEX_POINT ( 'NONE', #1343 ) ;
#1864 = DIRECTION ( 'NONE',  ( 0.000000000000000000, -1.000000000000000000, 0.000000000000000000 ) ) ;
#1865 = CARTESIAN_POINT ( 'NONE',  ( 16.00000000000000000, 15.49949493661166322, -22.00000000000001421 ) ) ;
#1866 = CARTESIAN_POINT ( 'NONE',  ( -31.50000000000000000, 4.099999999999999645, 18.50000000000000711 ) ) ;
#1867 = DIRECTION ( 'NONE',  ( -0.000000000000000000, -1.000000000000000000, 0.000000000000000000 ) ) ;
#1868 = CARTESIAN_POINT ( 'NONE',  ( -33.79999999999999716, 0.000000000000000000, -20.80000000000000426 ) ) ;
#1869 = UNCERTAINTY_MEASURE_WITH_UNIT (LENGTH_MEASURE( 1.000000000000000082E-05 ), #1634, 'distance_accuracy_value', 'NONE');
#1870 = APPLICATION_PROTOCOL_DEFINITION ( 'draft international standard', 'automotive_design', 1998, #2514 ) ;
#1871 = CIRCLE ( 'NONE', #1922, 5.000000000000000888 ) ;
#1872 = EDGE_LOOP ( 'NONE', ( #2306, #1609 ) ) ;
#1873 = ORIENTED_EDGE ( 'NONE', *, *, #1319, .F. ) ;
#1874 = VECTOR ( 'NONE', #577, 1000.000000000000000 ) ;
#1875 = EDGE_LOOP ( 'NONE', ( #2303, #360, #1941, #1720, #1040, #704, #2042, #1750, #1643, #392, #1703, #730, #492, #897, #418, #196 ) ) ;
#1876 = FACE_OUTER_BOUND ( 'NONE', #359, .T. ) ;
#1877 = ORIENTED_EDGE ( 'NONE', *, *, #1220, .F. ) ;
#1878 = CARTESIAN_POINT ( 'NONE',  ( 33.79999999999997584, 8.800000000000000711, -22.20000000000000995 ) ) ;
#1879 = DIRECTION ( 'NONE',  ( 0.000000000000000000, -1.000000000000000000, 0.000000000000000000 ) ) ;
#1880 = EDGE_CURVE ( 'NONE', #2843, #1071, #617, .T. ) ;
#1881 = CARTESIAN_POINT ( 'NONE',  ( 33.79999999999997584, 2.400000000000000355, -22.20000000000000995 ) ) ;
#1882 = DIRECTION ( 'NONE',  ( 0.000000000000000000, 0.000000000000000000, -1.000000000000000000 ) ) ;
#1883 = LINE ( 'NONE', #1695, #929 ) ;
#1884 = ADVANCED_FACE ( 'NONE', ( #2635 ), #2245, .F. ) ;
#1885 = EDGE_CURVE ( 'NONE', #866, #1836, #1298, .T. ) ;
#1886 = CARTESIAN_POINT ( 'NONE',  ( -31.50000000000000000, 5.600000000000000533, 13.50000000000000533 ) ) ;
#1887 = CARTESIAN_POINT ( 'NONE',  ( 0.000000000000000000, 0.000000000000000000, 0.000000000000000000 ) ) ;
#1888 = ORIENTED_EDGE ( 'NONE', *, *, #1835, .T. ) ;
#1889 = ORIENTED_EDGE ( 'NONE', *, *, #746, .T. ) ;
#1890 = CARTESIAN_POINT ( 'NONE',  ( 11.92691762911673692, 1.600000000000000755, -21.40000000000000568 ) ) ;
#1891 = ORIENTED_EDGE ( 'NONE', *, *, #2833, .T. ) ;
#1892 = ORIENTED_EDGE ( 'NONE', *, *, #414, .F. ) ;
#1893 = DIRECTION ( 'NONE',  ( 0.000000000000000000, 0.9998476951563911586, 0.01745240643728354635 ) ) ;
#1894 = FACE_OUTER_BOUND ( 'NONE', #1322, .T. ) ;
#1895 = DIRECTION ( 'NONE',  ( -0.000000000000000000, -1.000000000000000000, 0.000000000000000000 ) ) ;
#1896 = CARTESIAN_POINT ( 'NONE',  ( 16.00000000000000000, 0.9999999999999991118, 22.00000000000000355 ) ) ;
#1897 = DIRECTION ( 'NONE',  ( 0.000000000000000000, 0.000000000000000000, -1.000000000000000000 ) ) ;
#1898 = AXIS2_PLACEMENT_3D ( 'NONE', #2634, #2216, #1981 ) ;
#1899 = DIRECTION ( 'NONE',  ( 0.000000000000000000, -1.000000000000000000, 0.000000000000000000 ) ) ;
#1900 = DIRECTION ( 'NONE',  ( 1.000000000000000000, 0.000000000000000000, 0.000000000000000000 ) ) ;
#1901 = EDGE_LOOP ( 'NONE', ( #757, #2501 ) ) ;
#1902 = ORIENTED_EDGE ( 'NONE', *, *, #1101, .T. ) ;
#1903 = CIRCLE ( 'NONE', #367, 2.200000000000000622 ) ;
#1904 = DIRECTION ( 'NONE',  ( -0.000000000000000000, 1.000000000000000000, -0.000000000000000000 ) ) ;
#1905 = ORIENTED_EDGE ( 'NONE', *, *, #1525, .T. ) ;
#1906 = VERTEX_POINT ( 'NONE', #2679 ) ;
#1907 = AXIS2_PLACEMENT_3D ( 'NONE', #2001, #1284, #816 ) ;
#1908 = DIRECTION ( 'NONE',  ( -8.673617379884051249E-15, 0.000000000000000000, 1.000000000000000000 ) ) ;
#1909 = DIRECTION ( 'NONE',  ( -0.000000000000000000, -1.000000000000000000, 0.000000000000000000 ) ) ;
#1910 = DIRECTION ( 'NONE',  ( 0.000000000000000000, 1.000000000000000000, -0.000000000000000000 ) ) ;
#1911 = DIRECTION ( 'NONE',  ( 0.000000000000000000, 1.000000000000000000, -0.000000000000000000 ) ) ;
#1912 = DIRECTION ( 'NONE',  ( 0.000000000000000000, 0.000000000000000000, 1.000000000000000000 ) ) ;
#1913 = VERTEX_POINT ( 'NONE', #1119 ) ;
#1914 = PRODUCT_DEFINITION_SHAPE ( 'NONE', 'NONE',  #2891 ) ;
#1915 = AXIS2_PLACEMENT_3D ( 'NONE', #1868, #1383, #697 ) ;
#1916 = CIRCLE ( 'NONE', #658, 1.000000000000000888 ) ;
#1917 = FACE_OUTER_BOUND ( 'NONE', #2474, .T. ) ;
#1918 = CARTESIAN_POINT ( 'NONE',  ( 0.000000000000000000, 0.000000000000000000, 0.000000000000000000 ) ) ;
#1919 = ORIENTED_EDGE ( 'NONE', *, *, #1055, .T. ) ;
#1920 = ORIENTED_EDGE ( 'NONE', *, *, #2232, .F. ) ;
#1921 = CARTESIAN_POINT ( 'NONE',  ( -31.50000000000000000, 0.000000000000000000, 18.50000000000000711 ) ) ;
#1922 = AXIS2_PLACEMENT_3D ( 'NONE', #2160, #1481, #2820 ) ;
#1923 = ORIENTED_EDGE ( 'NONE', *, *, #1637, .F. ) ;
#1924 = EDGE_CURVE ( 'NONE', #530, #1138, #1315, .T. ) ;
#1925 = EDGE_CURVE ( 'NONE', #2262, #358, #1515, .T. ) ;
#1926 = VERTEX_POINT ( 'NONE', #22 ) ;
#1927 = PRODUCT_DEFINITION ( 'æœ', '', #2190, #1015 ) ;
#1928 = LINE ( 'NONE', #2114, #2111 ) ;
#1929 = EDGE_CURVE ( 'NONE', #330, #825, #1545, .T. ) ;
#1930 = LINE ( 'NONE', #759, #2444 ) ;
#1931 = AXIS2_PLACEMENT_3D ( 'NONE', #1951, #1679, #1882 ) ;
#1932 = VECTOR ( 'NONE', #1251, 1000.000000000000000 ) ;
#1933 = LINE ( 'NONE', #1230, #2135 ) ;
#1934 = DIRECTION ( 'NONE',  ( 0.000000000000000000, -1.000000000000000000, 0.000000000000000000 ) ) ;
#1935 = EDGE_CURVE ( 'NONE', #438, #1584, #1757, .T. ) ;
#1936 = DIRECTION ( 'NONE',  ( -0.000000000000000000, -1.000000000000000000, 0.000000000000000000 ) ) ;
#1937 = VERTEX_POINT ( 'NONE', #1283 ) ;
#1938 = CARTESIAN_POINT ( 'NONE',  ( 16.00000000000000000, 0.9999999999999991118, -23.00000000000001421 ) ) ;
#1939 = STYLED_ITEM ( 'NONE', ( #2475 ), #894 ) ;
#1940 = CARTESIAN_POINT ( 'NONE',  ( 16.00000000000000000, 0.9999999999999991118, -22.00000000000001421 ) ) ;
#1941 = ORIENTED_EDGE ( 'NONE', *, *, #1240, .T. ) ;
#1942 = CARTESIAN_POINT ( 'NONE',  ( -33.79999999999997584, 7.200000000000000178, 23.80000000000000071 ) ) ;
#1943 = ORIENTED_EDGE ( 'NONE', *, *, #915, .T. ) ;
#1944 = DIRECTION ( 'NONE',  ( 1.000000000000000000, 0.000000000000000000, -1.539695392878823672E-16 ) ) ;
#1945 = ORIENTED_EDGE ( 'NONE', *, *, #1575, .T. ) ;
#1946 = ORIENTED_EDGE ( 'NONE', *, *, #2348, .T. ) ;
#1947 = DIRECTION ( 'NONE',  ( 0.01745240643728354982, -0.9998476951563911586, 1.211003966361779945E-16 ) ) ;
#1948 = DIRECTION ( 'NONE',  ( 0.000000000000000000, 0.000000000000000000, -1.000000000000000000 ) ) ;
#1949 = AXIS2_PLACEMENT_3D ( 'NONE', #640, #2848, #1510 ) ;
#1950 = CARTESIAN_POINT ( 'NONE',  ( -36.00000000000000000, 0.000000000000000000, -20.79999999999998295 ) ) ;
#1951 = CARTESIAN_POINT ( 'NONE',  ( 16.00000000000000000, 0.9999999999999991118, -18.50000000000001776 ) ) ;
#1952 = DIRECTION ( 'NONE',  ( 0.000000000000000000, 0.000000000000000000, 1.000000000000000000 ) ) ;
#1953 = DIRECTION ( 'NONE',  ( -0.000000000000000000, -0.000000000000000000, -1.000000000000000000 ) ) ;
#1954 = FACE_OUTER_BOUND ( 'NONE', #575, .T. ) ;
#1955 = ADVANCED_FACE ( 'NONE', ( #2401 ), #56, .T. ) ;
#1956 = ORIENTED_EDGE ( 'NONE', *, *, #398, .T. ) ;
#1957 = LINE ( 'NONE', #1761, #2792 ) ;
#1958 = CARTESIAN_POINT ( 'NONE',  ( -35.82822418385246976, 7.183037590033473307, 14.79999999999998828 ) ) ;
#1959 = EDGE_CURVE ( 'NONE', #1736, #530, #565, .T. ) ;
#1960 = ORIENTED_EDGE ( 'NONE', *, *, #911, .F. ) ;
#1961 = EDGE_LOOP ( 'NONE', ( #2017, #1814, #2784, #2343, #219 ) ) ;
#1962 = AXIS2_PLACEMENT_3D ( 'NONE', #835, #2439, #647 ) ;
#1963 = DIRECTION ( 'NONE',  ( -0.000000000000000000, -1.000000000000000000, -0.000000000000000000 ) ) ;
#1964 = EDGE_CURVE ( 'NONE', #909, #291, #1314, .T. ) ;
#1965 = FACE_OUTER_BOUND ( 'NONE', #2341, .T. ) ;
#1966 = ORIENTED_EDGE ( 'NONE', *, *, #1935, .T. ) ;
#1967 = CARTESIAN_POINT ( 'NONE',  ( 19.56242259997615918, 1.872649170167115296, 22.00995114376168971 ) ) ;
#1968 = CARTESIAN_POINT ( 'NONE',  ( -33.79999999999999716, 7.200000000000000178, 20.80000000000000426 ) ) ;
#1969 = CARTESIAN_POINT ( 'NONE',  ( -36.00000000000000000, 0.8000000000000000444, -20.79999999999998295 ) ) ;
#1970 = CARTESIAN_POINT ( 'NONE',  ( -27.79581775045603464, 1.737918529625253727, -21.85997806959242595 ) ) ;
#1971 = VECTOR ( 'NONE', #366, 1000.000000000000000 ) ;
#1972 = ADVANCED_FACE ( 'NONE', ( #434 ), #1060, .F. ) ;
#1973 = ORIENTED_EDGE ( 'NONE', *, *, #2870, .T. ) ;
#1974 = DIRECTION ( 'NONE',  ( -0.000000000000000000, 1.000000000000000000, -0.000000000000000000 ) ) ;
#1975 = CARTESIAN_POINT ( 'NONE',  ( 35.20000000000000284, 7.189039474176432520, 20.79999999999997229 ) ) ;
#1976 = ORIENTED_EDGE ( 'NONE', *, *, #414, .T. ) ;
#1977 = ORIENTED_EDGE ( 'NONE', *, *, #935, .T. ) ;
#1978 = DIRECTION ( 'NONE',  ( 0.000000000000000000, -1.000000000000000000, 0.000000000000000000 ) ) ;
#1979 = CARTESIAN_POINT ( 'NONE',  ( -28.13696565583994413, 2.399999999999999467, 22.19999999999999929 ) ) ;
#1980 = CARTESIAN_POINT ( 'NONE',  ( 20.07308237088326308, 1.600000000000000755, 21.39999999999999503 ) ) ;
#1981 = DIRECTION ( 'NONE',  ( 0.000000000000000000, 0.000000000000000000, -1.000000000000000000 ) ) ;
#1982 = AXIS2_PLACEMENT_3D ( 'NONE', #743, #1645, #1893 ) ;
#1983 = AXIS2_PLACEMENT_3D ( 'NONE', #2575, #1911, #2807 ) ;
#1984 = DIRECTION ( 'NONE',  ( 0.000000000000000000, 0.000000000000000000, -1.000000000000000000 ) ) ;
#1985 = LINE ( 'NONE', #2869, #880 ) ;
#1986 = AXIS2_PLACEMENT_3D ( 'NONE', #11, #437, #2466 ) ;
#1987 = CARTESIAN_POINT ( 'NONE',  ( -28.00218526836769328, 1.953897996922342450, -22.07354682818836267 ) ) ;
#1988 = VERTEX_POINT ( 'NONE', #1743 ) ;
#1989 = DIRECTION ( 'NONE',  ( -8.673617379884013384E-15, 8.673617379884032317E-15, -1.000000000000000000 ) ) ;
#1990 = ADVANCED_FACE ( 'NONE', ( #2887 ), #2420, .F. ) ;
#1991 = AXIS2_PLACEMENT_3D ( 'NONE', #1860, #1419, #97 ) ;
#1992 = DIRECTION ( 'NONE',  ( 0.000000000000000000, 1.000000000000000000, -0.000000000000000000 ) ) ;
#1993 = ORIENTED_EDGE ( 'NONE', *, *, #75, .F. ) ;
#1994 = ORIENTED_EDGE ( 'NONE', *, *, #1575, .F. ) ;
#1995 = CARTESIAN_POINT ( 'NONE',  ( -33.79999999999999716, 8.800000000000000711, -20.80000000000000426 ) ) ;
#1996 = CARTESIAN_POINT ( 'NONE',  ( 33.79999999999999716, 0.8000000000000003775, 20.79999999999999361 ) ) ;
#1997 = CARTESIAN_POINT ( 'NONE',  ( -35.20000000000000284, 7.172071896114851519, -14.79999999999997584 ) ) ;
#1998 = DIRECTION ( 'NONE',  ( 0.000000000000000000, 0.000000000000000000, -1.000000000000000000 ) ) ;
#1999 = AXIS2_PLACEMENT_3D ( 'NONE', #29, #1157, #2291 ) ;
#2000 = CARTESIAN_POINT ( 'NONE',  ( -31.50000000000000000, 0.9999999999999991118, 18.50000000000000711 ) ) ;
#2001 = CARTESIAN_POINT ( 'NONE',  ( -33.79999999999999716, 7.200000000000000178, -20.80000000000000426 ) ) ;
#2002 = CARTESIAN_POINT ( 'NONE',  ( -28.13696565583994058, 2.275994956759725518, 22.20000000000000284 ) ) ;
#2003 = ORIENTED_EDGE ( 'NONE', *, *, #337, .F. ) ;
#2004 = CARTESIAN_POINT ( 'NONE',  ( 33.79999999999999005, 7.200000000000000178, 22.82792810388514582 ) ) ;
#2005 = ORIENTED_EDGE ( 'NONE', *, *, #1057, .T. ) ;
#2006 = ORIENTED_EDGE ( 'NONE', *, *, #2567, .T. ) ;
#2007 = LINE ( 'NONE', #1328, #34 ) ;
#2008 = CARTESIAN_POINT ( 'NONE',  ( 16.00000000000000000, 4.099999999999999645, -18.50000000000001776 ) ) ;
#2009 = AXIS2_PLACEMENT_3D ( 'NONE', #2008, #2240, #841 ) ;
#2010 = AXIS2_PLACEMENT_3D ( 'NONE', #2493, #2014, #2234 ) ;
#2011 = CARTESIAN_POINT ( 'NONE',  ( 19.36303434416005231, 2.399999999999999467, 22.19999999999999574 ) ) ;
#2012 = DIRECTION ( 'NONE',  ( -0.000000000000000000, -0.9998476951563911586, 0.01745240643728354982 ) ) ;
#2013 = CARTESIAN_POINT ( 'NONE',  ( -27.42691762911672626, 1.600000000000000755, -21.39999999999999858 ) ) ;
#2014 = DIRECTION ( 'NONE',  ( 0.000000000000000000, 1.000000000000000000, -0.000000000000000000 ) ) ;
#2015 = EDGE_LOOP ( 'NONE', ( #257, #1888, #2289, #1496 ) ) ;
#2016 = CIRCLE ( 'NONE', #695, 1.700000000000000178 ) ;
#2017 = ORIENTED_EDGE ( 'NONE', *, *, #1234, .F. ) ;
#2018 = CARTESIAN_POINT ( 'NONE',  ( 33.79999999999999716, 1.600000000000000089, 21.39999999999999147 ) ) ;
#2019 = ADVANCED_FACE ( 'NONE', ( #2201 ), #2107, .T. ) ;
#2020 = PLANE ( 'NONE',  #2744 ) ;
#2021 = ADVANCED_FACE ( 'NONE', ( #2667 ), #2448, .F. ) ;
#2022 = ORIENTED_EDGE ( 'NONE', *, *, #1053, .F. ) ;
#2023 = EDGE_CURVE ( 'NONE', #1475, #78, #1108, .T. ) ;
#2024 = PLANE ( 'NONE',  #2682 ) ;
#2025 = CIRCLE ( 'NONE', #2578, 5.000000000000000888 ) ;
#2026 = CARTESIAN_POINT ( 'NONE',  ( -33.79999999999996874, 8.800000000000000711, 22.80000000000000071 ) ) ;
#2027 = CIRCLE ( 'NONE', #477, 0.7999999999999986011 ) ;
#2028 = DIRECTION ( 'NONE',  ( -0.000000000000000000, -1.000000000000000000, 0.000000000000000000 ) ) ;
#2029 = AXIS2_PLACEMENT_3D ( 'NONE', #620, #1505, #765 ) ;
#2030 = DIRECTION ( 'NONE',  ( 0.000000000000000000, 1.000000000000000000, 0.000000000000000000 ) ) ;
#2031 = ORIENTED_EDGE ( 'NONE', *, *, #496, .F. ) ;
#2032 = ORIENTED_EDGE ( 'NONE', *, *, #1303, .T. ) ;
#2033 = LINE ( 'NONE', #663, #1229 ) ;
#2034 = CIRCLE ( 'NONE', #1557, 2.027928103885152211 ) ;
#2035 = VERTEX_POINT ( 'NONE', #2503 ) ;
#2036 = ORIENTED_EDGE ( 'NONE', *, *, #2023, .T. ) ;
#2037 = CARTESIAN_POINT ( 'NONE',  ( 16.00000000000000000, 0.9999999999999991118, -15.00000000000001954 ) ) ;
#2038 = DIRECTION ( 'NONE',  ( -0.000000000000000000, -1.000000000000000000, -0.000000000000000000 ) ) ;
#2039 = AXIS2_PLACEMENT_3D ( 'NONE', #88, #1864, #2802 ) ;
#2040 = ADVANCED_FACE ( 'NONE', ( #495 ), #944, .F. ) ;
#2041 = DIRECTION ( 'NONE',  ( 0.000000000000000000, 1.000000000000000000, 0.000000000000000000 ) ) ;
#2042 = ORIENTED_EDGE ( 'NONE', *, *, #1489, .T. ) ;
#2043 = ORIENTED_EDGE ( 'NONE', *, *, #1648, .F. ) ;
#2044 = DIRECTION ( 'NONE',  ( 0.000000000000000000, 0.000000000000000000, -1.000000000000000000 ) ) ;
#2045 = CIRCLE ( 'NONE', #1898, 1.700000000000000178 ) ;
#2046 = ORIENTED_EDGE ( 'NONE', *, *, #2452, .F. ) ;
#2047 = DIRECTION ( 'NONE',  ( 1.000000000000000000, 0.000000000000000000, 8.673617379884013384E-15 ) ) ;
#2048 = ORIENTED_EDGE ( 'NONE', *, *, #1929, .F. ) ;
#2049 = EDGE_CURVE ( 'NONE', #1926, #2186, #798, .T. ) ;
#2050 =( NAMED_UNIT ( * ) PLANE_ANGLE_UNIT ( ) SI_UNIT ( $, .RADIAN. ) );
#2051 = CIRCLE ( 'NONE', #186, 1.400000000000001910 ) ;
#2052 = CARTESIAN_POINT ( 'NONE',  ( -33.79999999999999716, 8.800000000000000711, -20.80000000000000426 ) ) ;
#2053 = AXIS2_PLACEMENT_3D ( 'NONE', #1386, #266, #2059 ) ;
#2054 = DIRECTION ( 'NONE',  ( -0.9998476951563912696, 0.01745240643728355329, 0.000000000000000000 ) ) ;
#2055 = AXIS2_PLACEMENT_3D ( 'NONE', #1396, #1491, #171 ) ;
#2056 = CARTESIAN_POINT ( 'NONE',  ( -34.86024367079748032, 1.737946332241485203, -14.79603262902056393 ) ) ;
#2057 = EDGE_CURVE ( 'NONE', #626, #1596, #1630, .T. ) ;
#2058 = AXIS2_PLACEMENT_3D ( 'NONE', #2648, #1063, #1266 ) ;
#2059 = DIRECTION ( 'NONE',  ( 0.000000000000000000, 0.000000000000000000, -1.000000000000000000 ) ) ;
#2060 = ORIENTED_EDGE ( 'NONE', *, *, #590, .T. ) ;
#2061 = VERTEX_POINT ( 'NONE', #721 ) ;
#2062 = DIRECTION ( 'NONE',  ( 0.000000000000000000, 0.000000000000000000, -1.000000000000000000 ) ) ;
#2063 = AXIS2_PLACEMENT_3D ( 'NONE', #1264, #2838, #1045 ) ;
#2064 = ORIENTED_EDGE ( 'NONE', *, *, #1184, .T. ) ;
#2065 = LINE ( 'NONE', #1199, #511 ) ;
#2066 = EDGE_LOOP ( 'NONE', ( #140, #1807, #937, #1080 ) ) ;
#2067 = CIRCLE ( 'NONE', #2440, 0.7999999999999986011 ) ;
#2068 = CARTESIAN_POINT ( 'NONE',  ( -33.79999999999998295, 0.000000000000000000, -23.00000000000000355 ) ) ;
#2069 = CYLINDRICAL_SURFACE ( 'NONE', #151, 4.999999999999997335 ) ;
#2070 = CIRCLE ( 'NONE', #619, 5.000000000000000888 ) ;
#2071 = DIRECTION ( 'NONE',  ( 1.000000000000000000, 0.000000000000000000, -1.539695392878823672E-16 ) ) ;
#2072 = DIRECTION ( 'NONE',  ( 0.000000000000000000, 0.000000000000000000, -1.000000000000000000 ) ) ;
#2073 = DIRECTION ( 'NONE',  ( 0.000000000000000000, 0.000000000000000000, -1.000000000000000000 ) ) ;
#2074 = ORIENTED_EDGE ( 'NONE', *, *, #98, .T. ) ;
#2075 = ORIENTED_EDGE ( 'NONE', *, *, #2350, .T. ) ;
#2076 = TOROIDAL_SURFACE ( 'NONE', #1594, 4.500000000000000000, 1.000000000000000000 ) ;
#2077 = EDGE_LOOP ( 'NONE', ( #548, #2224, #2511, #15 ) ) ;
#2078 = EDGE_LOOP ( 'NONE', ( #1287, #2583 ) ) ;
#2079 = ADVANCED_FACE ( 'NONE', ( #1809 ), #2626, .T. ) ;
#2080 = CARTESIAN_POINT ( 'NONE',  ( -36.79999999999999716, 7.200000000000000178, -20.79999999999998295 ) ) ;
#2081 = CIRCLE ( 'NONE', #72, 3.000000000000002665 ) ;
#2082 = CARTESIAN_POINT ( 'NONE',  ( 11.92691762911673869, 1.600000000000000755, 21.39999999999999503 ) ) ;
#2083 = CARTESIAN_POINT ( 'NONE',  ( -33.80000000000000426, 2.400000000000000355, -21.39999999999999858 ) ) ;
#2084 = DIRECTION ( 'NONE',  ( 0.000000000000000000, 0.000000000000000000, -1.000000000000000000 ) ) ;
#2085 = VERTEX_POINT ( 'NONE', #52 ) ;
#2086 = EDGE_LOOP ( 'NONE', ( #1734, #700, #2696, #634 ) ) ;
#2087 = VERTEX_POINT ( 'NONE', #1570 ) ;
#2088 = DIRECTION ( 'NONE',  ( 6.938893903907232322E-16, 0.000000000000000000, -1.000000000000000000 ) ) ;
#2089 = CARTESIAN_POINT ( 'NONE',  ( 33.79999999999999716, 7.200000000000000178, 20.79999999999999361 ) ) ;
#2090 = CARTESIAN_POINT ( 'NONE',  ( 19.39593520461746223, 2.157095992382395355, -22.17049981829707406 ) ) ;
#2091 = FACE_OUTER_BOUND ( 'NONE', #727, .T. ) ;
#2092 = EDGE_LOOP ( 'NONE', ( #2361, #48, #2509, #450 ) ) ;
#2093 = CARTESIAN_POINT ( 'NONE',  ( 12.07272344594992397, 1.618569107773516036, -21.59681244666464295 ) ) ;
#2094 = EDGE_CURVE ( 'NONE', #2508, #1689, #2254, .T. ) ;
#2095 = DIRECTION ( 'NONE',  ( -8.673617379884011806E-15, 0.000000000000000000, 1.000000000000000000 ) ) ;
#2096 = VERTEX_POINT ( 'NONE', #79 ) ;
#2097 = EDGE_CURVE ( 'NONE', #2411, #1538, #2305, .T. ) ;
#2098 = CARTESIAN_POINT ( 'NONE',  ( -31.50000000000000000, 15.49949493661166322, 22.00000000000000711 ) ) ;
#2099 = AXIS2_PLACEMENT_3D ( 'NONE', #325, #2808, #2104 ) ;
#2100 = DIRECTION ( 'NONE',  ( -0.000000000000000000, -1.000000000000000000, -0.000000000000000000 ) ) ;
#2101 = ADVANCED_FACE ( 'NONE', ( #682 ), #2069, .T. ) ;
#2102 = EDGE_CURVE ( 'NONE', #2524, #562, #1841, .T. ) ;
#2103 = DIRECTION ( 'NONE',  ( 0.000000000000000000, 0.000000000000000000, 1.000000000000000000 ) ) ;
#2104 = DIRECTION ( 'NONE',  ( 0.000000000000000000, 0.000000000000000000, -1.000000000000000000 ) ) ;
#2105 = CYLINDRICAL_SURFACE ( 'NONE', #2464, 0.8000000000000020428 ) ;
#2106 = DIRECTION ( 'NONE',  ( 0.000000000000000000, 0.000000000000000000, 1.000000000000000000 ) ) ;
#2107 = CONICAL_SURFACE ( 'NONE', #1404, 1.999999999999998224, 0.01745329251994333364 ) ;
#2108 = ORIENTED_EDGE ( 'NONE', *, *, #1828, .T. ) ;
#2109 = VERTEX_POINT ( 'NONE', #694 ) ;
#2110 = CARTESIAN_POINT ( 'NONE',  ( 12.50315412024094464, 1.955519467356727770, -22.07448128874483118 ) ) ;
#2111 = VECTOR ( 'NONE', #2819, 1000.000000000000000 ) ;
#2112 = AXIS2_PLACEMENT_3D ( 'NONE', #1110, #2028, #2871 ) ;
#2113 = ORIENTED_EDGE ( 'NONE', *, *, #673, .T. ) ;
#2114 = CARTESIAN_POINT ( 'NONE',  ( 16.00000000000000000, 8.801000000000000156, -16.80000000000001492 ) ) ;
#2115 = CARTESIAN_POINT ( 'NONE',  ( -33.79999999999999716, 5.599999999999999645, 20.80000000000000426 ) ) ;
#2116 = CIRCLE ( 'NONE', #858, 4.499999999999997335 ) ;
#2117 = DIRECTION ( 'NONE',  ( 0.000000000000000000, 0.000000000000000000, 1.000000000000000000 ) ) ;
#2118 = CARTESIAN_POINT ( 'NONE',  ( 33.79999999999999716, 0.8000000000000003775, -20.80000000000001137 ) ) ;
#2119 = DIRECTION ( 'NONE',  ( 0.000000000000000000, 1.000000000000000000, 0.000000000000000000 ) ) ;
#2120 = ORIENTED_EDGE ( 'NONE', *, *, #75, .T. ) ;
#2121 = EDGE_CURVE ( 'NONE', #1780, #1512, #975, .T. ) ;
#2122 = ORIENTED_EDGE ( 'NONE', *, *, #2057, .F. ) ;
#2123 = CARTESIAN_POINT ( 'NONE',  ( 16.00000000000000000, 4.099999999999999645, -16.80000000000001492 ) ) ;
#2124 = ORIENTED_EDGE ( 'NONE', *, *, #690, .T. ) ;
#2125 = EDGE_LOOP ( 'NONE', ( #389, #1722, #44, #1366 ) ) ;
#2126 = LINE ( 'NONE', #522, #109 ) ;
#2127 = CARTESIAN_POINT ( 'NONE',  ( -35.19999999999999574, 5.913487744281863634, -14.79999999999997407 ) ) ;
#2128 = DIRECTION ( 'NONE',  ( 0.000000000000000000, 0.000000000000000000, -1.000000000000000000 ) ) ;
#2129 = DIRECTION ( 'NONE',  ( 0.000000000000000000, 0.000000000000000000, -1.000000000000000000 ) ) ;
#2130 = LINE ( 'NONE', #1429, #1118 ) ;
#2132 = ORIENTED_EDGE ( 'NONE', *, *, #1616, .T. ) ;
#2131 = CIRCLE ( 'NONE', #1291, 2.027928103885152211 ) ;
#2133 = ADVANCED_FACE ( 'NONE', ( #1380 ), #295, .F. ) ;
#2134 = DIRECTION ( 'NONE',  ( 0.000000000000000000, 0.000000000000000000, -1.000000000000000000 ) ) ;
#2135 = VECTOR ( 'NONE', #2806, 1000.000000000000000 ) ;
#2136 = EDGE_CURVE ( 'NONE', #1863, #239, #954, .T. ) ;
#2137 = FACE_OUTER_BOUND ( 'NONE', #2859, .T. ) ;
#2138 = EDGE_CURVE ( 'NONE', #1360, #1436, #2025, .T. ) ;
#2139 = ORIENTED_EDGE ( 'NONE', *, *, #703, .T. ) ;
#2140 = EDGE_CURVE ( 'NONE', #187, #1034, #2269, .T. ) ;
#2141 = VECTOR ( 'NONE', #2507, 1000.000000000000000 ) ;
#2142 = VERTEX_POINT ( 'NONE', #708 ) ;
#2143 = VERTEX_POINT ( 'NONE', #1600 ) ;
#2144 = EDGE_CURVE ( 'NONE', #28, #208, #733, .T. ) ;
#2145 = DIRECTION ( 'NONE',  ( -1.000000000000000000, -0.000000000000000000, -8.673617379884049672E-15 ) ) ;
#2146 = CARTESIAN_POINT ( 'NONE',  ( -31.50000000000000000, 21.34213562373095741, 18.50000000000000711 ) ) ;
#2147 = LINE ( 'NONE', #636, #1527 ) ;
#2148 = CARTESIAN_POINT ( 'NONE',  ( -33.79999999999999716, 4.099999999999999645, 20.80000000000000426 ) ) ;
#2149 = CARTESIAN_POINT ( 'NONE',  ( 20.07308237088326308, 1.600000000000000755, -21.40000000000000568 ) ) ;
#2150 = VECTOR ( 'NONE', #860, 1000.000000000000000 ) ;
#2151 = CARTESIAN_POINT ( 'NONE',  ( -33.79999999999999716, 1.600000000000000089, 21.40000000000000213 ) ) ;
#2152 = ORIENTED_EDGE ( 'NONE', *, *, #101, .F. ) ;
#2153 = CYLINDRICAL_SURFACE ( 'NONE', #1249, 4.999999999999997335 ) ;
#2154 = ORIENTED_EDGE ( 'NONE', *, *, #1064, .F. ) ;
#2155 = AXIS2_PLACEMENT_3D ( 'NONE', #890, #1503, #1772 ) ;
#2156 = LINE ( 'NONE', #190, #645 ) ;
#2157 = ORIENTED_EDGE ( 'NONE', *, *, #80, .F. ) ;
#2158 = ORIENTED_EDGE ( 'NONE', *, *, #1831, .F. ) ;
#2159 = CARTESIAN_POINT ( 'NONE',  ( -33.79999999999999716, 0.000000000000000000, 20.80000000000000426 ) ) ;
#2160 = CARTESIAN_POINT ( 'NONE',  ( -31.50000000000000000, 1.600000000000000755, 18.50000000000000711 ) ) ;
#2161 = EDGE_CURVE ( 'NONE', #1988, #811, #2381, .T. ) ;
#2162 = CIRCLE ( 'NONE', #211, 4.999999999999997335 ) ;
#2163 = CYLINDRICAL_SURFACE ( 'NONE', #287, 0.7999999999999986011 ) ;
#2164 = FACE_OUTER_BOUND ( 'NONE', #1523, .T. ) ;
#2165 = PLANE ( 'NONE',  #283 ) ;
#2166 = VERTEX_POINT ( 'NONE', #1228 ) ;
#2167 = DIRECTION ( 'NONE',  ( -0.000000000000000000, -1.000000000000000000, -0.000000000000000000 ) ) ;
#2168 = EDGE_CURVE ( 'NONE', #1422, #1988, #350, .T. ) ;
#2169 = AXIS2_PLACEMENT_3D ( 'NONE', #2718, #1172, #1821 ) ;
#2170 = DIRECTION ( 'NONE',  ( 0.000000000000000000, 0.000000000000000000, -1.000000000000000000 ) ) ;
#2171 = ORIENTED_EDGE ( 'NONE', *, *, #671, .T. ) ;
#2172 = FACE_OUTER_BOUND ( 'NONE', #2581, .T. ) ;
#2173 = EDGE_CURVE ( 'NONE', #2142, #509, #979, .T. ) ;
#2174 = FACE_OUTER_BOUND ( 'NONE', #949, .T. ) ;
#2175 = VERTEX_POINT ( 'NONE', #1647 ) ;
#2176 = ORIENTED_EDGE ( 'NONE', *, *, #911, .T. ) ;
#2177 = CARTESIAN_POINT ( 'NONE',  ( 16.00000000000000000, -4.336808689942017736E-16, 14.00000000000000178 ) ) ;
#2178 = PRODUCT ( '\X2\88c5914d4f53\X0\1', '\X2\88c5914d4f53\X0\1', '', ( #314 ) ) ;
#2179 = DIRECTION ( 'NONE',  ( -0.000000000000000000, -1.000000000000000000, -0.000000000000000000 ) ) ;
#2180 = CIRCLE ( 'NONE', #951, 2.000000000000005329 ) ;
#2181 = ORIENTED_EDGE ( 'NONE', *, *, #244, .T. ) ;
#2182 = CARTESIAN_POINT ( 'NONE',  ( 12.63696565583994769, 2.399999999999999467, -22.20000000000000639 ) ) ;
#2183 = LINE ( 'NONE', #2837, #1549 ) ;
#2184 = CARTESIAN_POINT ( 'NONE',  ( 16.00000000000000000, 1.600000000000000755, 18.50000000000000355 ) ) ;
#2185 = CARTESIAN_POINT ( 'NONE',  ( 34.39999999999999858, 2.400000000000000355, 20.80000000000000426 ) ) ;
#2186 = VERTEX_POINT ( 'NONE', #534 ) ;
#2187 = FACE_OUTER_BOUND ( 'NONE', #2861, .T. ) ;
#2188 = DIRECTION ( 'NONE',  ( 0.000000000000000000, -1.000000000000000000, 0.000000000000000000 ) ) ;
#2189 = ORIENTED_EDGE ( 'NONE', *, *, #2561, .F. ) ;
#2190 = PRODUCT_DEFINITION_FORMATION_WITH_SPECIFIED_SOURCE ( 'ä»', '', #2178, .NOT_KNOWN. ) ;
#2191 = CIRCLE ( 'NONE', #1384, 0.7999999999999999334 ) ;
#2192 = ORIENTED_EDGE ( 'NONE', *, *, #398, .F. ) ;
#2193 = VECTOR ( 'NONE', #499, 1000.000000000000000 ) ;
#2194 = DIRECTION ( 'NONE',  ( 0.000000000000000000, 1.000000000000000000, -0.000000000000000000 ) ) ;
#2195 = EDGE_CURVE ( 'NONE', #1495, #2085, #2070, .T. ) ;
#2196 = FACE_OUTER_BOUND ( 'NONE', #2847, .T. ) ;
#2197 = VERTEX_POINT ( 'NONE', #2804 ) ;
#2198 = CARTESIAN_POINT ( 'NONE',  ( 16.00000000000000000, 8.801000000000000156, 18.50000000000000355 ) ) ;
#2199 = FACE_OUTER_BOUND ( 'NONE', #1238, .T. ) ;
#2200 = EDGE_CURVE ( 'NONE', #2756, #2197, #1499, .T. ) ;
#2201 = FACE_OUTER_BOUND ( 'NONE', #576, .T. ) ;
#2202 = DIRECTION ( 'NONE',  ( -1.000000000000000000, 0.000000000000000000, 0.000000000000000000 ) ) ;
#2203 = UNCERTAINTY_MEASURE_WITH_UNIT (LENGTH_MEASURE( 1.000000000000000082E-05 ), #570, 'distance_accuracy_value', 'NONE');
#2204 = DIRECTION ( 'NONE',  ( -1.000000000000000000, 0.000000000000000000, -0.000000000000000000 ) ) ;
#2205 = TOROIDAL_SURFACE ( 'NONE', #2437, 0.6000000000000008660, 0.8000000000000000444 ) ;
#2206 = EDGE_LOOP ( 'NONE', ( #1977, #2690, #1717, #2443 ) ) ;
#2207 = DIRECTION ( 'NONE',  ( 0.000000000000000000, 1.000000000000000000, 0.000000000000000000 ) ) ;
#2208 = VECTOR ( 'NONE', #655, 1000.000000000000000 ) ;
#2209 = PLANE ( 'NONE',  #1241 ) ;
#2210 = ORIENTED_EDGE ( 'NONE', *, *, #1057, .F. ) ;
#2211 = EDGE_LOOP ( 'NONE', ( #742, #2243 ) ) ;
#2212 = VECTOR ( 'NONE', #595, 1000.000000000000000 ) ;
#2213 = CARTESIAN_POINT ( 'NONE',  ( -31.50000000000000000, 15.49949493661166322, -15.00000000000001599 ) ) ;
#2214 = LINE ( 'NONE', #885, #2372 ) ;
#2215 = DIRECTION ( 'NONE',  ( 0.000000000000000000, -1.000000000000000000, 0.000000000000000000 ) ) ;
#2216 = DIRECTION ( 'NONE',  ( 0.000000000000000000, -1.000000000000000000, 0.000000000000000000 ) ) ;
#2217 = DIRECTION ( 'NONE',  ( 0.9998476951563911586, 0.01745240643728354982, 0.000000000000000000 ) ) ;
#2218 = CIRCLE ( 'NONE', #1268, 5.000000000000000888 ) ;
#2219 = CARTESIAN_POINT ( 'NONE',  ( -31.50000000000000000, 0.9999999999999991118, -14.00000000000001599 ) ) ;
#2220 = ORIENTED_EDGE ( 'NONE', *, *, #2879, .F. ) ;
#2221 = DIRECTION ( 'NONE',  ( -0.000000000000000000, -0.000000000000000000, 1.000000000000000000 ) ) ;
#2222 = DIRECTION ( 'NONE',  ( -0.000000000000000000, -0.000000000000000000, 1.000000000000000000 ) ) ;
#2223 = VERTEX_POINT ( 'NONE', #2771 ) ;
#2224 = ORIENTED_EDGE ( 'NONE', *, *, #497, .T. ) ;
#2225 = DIRECTION ( 'NONE',  ( 0.000000000000000000, 1.000000000000000000, 8.673617379884035472E-15 ) ) ;
#2226 = CARTESIAN_POINT ( 'NONE',  ( -33.79999999999999005, 7.200000000000000178, -22.20000000000000284 ) ) ;
#2227 = LINE ( 'NONE', #1331, #2208 ) ;
#2228 = CIRCLE ( 'NONE', #1949, 3.499999999999999556 ) ;
#2229 = DIRECTION ( 'NONE',  ( -0.000000000000000000, -1.000000000000000000, -0.000000000000000000 ) ) ;
#2230 = CYLINDRICAL_SURFACE ( 'NONE', #1986, 1.400000000000001910 ) ;
#2231 = EDGE_CURVE ( 'NONE', #2085, #2537, #1871, .T. ) ;
#2232 = EDGE_CURVE ( 'NONE', #1050, #451, #1930, .T. ) ;
#2233 = EDGE_CURVE ( 'NONE', #2096, #2061, #2323, .T. ) ;
#2234 = DIRECTION ( 'NONE',  ( 0.000000000000000000, 0.000000000000000000, -1.000000000000000000 ) ) ;
#2235 = ORIENTED_EDGE ( 'NONE', *, *, #2231, .T. ) ;
#2236 = EDGE_CURVE ( 'NONE', #358, #1186, #2787, .T. ) ;
#2237 = EDGE_CURVE ( 'NONE', #2166, #1007, #131, .T. ) ;
#2238 = ORIENTED_EDGE ( 'NONE', *, *, #752, .F. ) ;
#2239 = DIRECTION ( 'NONE',  ( 0.000000000000000000, 0.000000000000000000, 1.000000000000000000 ) ) ;
#2240 = DIRECTION ( 'NONE',  ( 0.000000000000000000, 1.000000000000000000, -0.000000000000000000 ) ) ;
#2241 = TOROIDAL_SURFACE ( 'NONE', #643, 4.500000000000000000, 1.000000000000000000 ) ;
#2242 = ADVANCED_FACE ( 'NONE', ( #362, #321 ), #1202, .F. ) ;
#2243 = ORIENTED_EDGE ( 'NONE', *, *, #2121, .F. ) ;
#2244 = AXIS2_PLACEMENT_3D ( 'NONE', #2, #1992, #1733 ) ;
#2245 = CYLINDRICAL_SURFACE ( 'NONE', #2387, 3.499999999999999556 ) ;
#2246 = CARTESIAN_POINT ( 'NONE',  ( 33.79999999999997584, 2.400000000000000355, 22.19999999999999218 ) ) ;
#2247 = CARTESIAN_POINT ( 'NONE',  ( 16.00000000000000000, 4.099999999999999645, 18.50000000000000355 ) ) ;
#2248 = VERTEX_POINT ( 'NONE', #2599 ) ;
#2249 = VERTEX_POINT ( 'NONE', #564 ) ;
#2250 = CARTESIAN_POINT ( 'NONE',  ( -35.19999999999999574, 7.172071896114851519, -14.79999999999997407 ) ) ;
#2251 = EDGE_LOOP ( 'NONE', ( #1923, #1688, #1671, #1085 ) ) ;
#2252 = ORIENTED_EDGE ( 'NONE', *, *, #2408, .T. ) ;
#2253 = CARTESIAN_POINT ( 'NONE',  ( 33.79999999999996874, 8.800000000000000711, -22.80000000000001137 ) ) ;
#2254 = CIRCLE ( 'NONE', #2674, 1.700000000000000178 ) ;
#2255 = DIRECTION ( 'NONE',  ( 0.000000000000000000, -1.000000000000000000, 0.000000000000000000 ) ) ;
#2256 = APPLICATION_CONTEXT ( 'automotive_design' ) ;
#2257 = EDGE_CURVE ( 'NONE', #1422, #520, #578, .T. ) ;
#2258 = VECTOR ( 'NONE', #942, 1000.000000000000000 ) ;
#2259 = CARTESIAN_POINT ( 'NONE',  ( -35.79999999999999716, 8.800000000000000711, -20.79999999999997584 ) ) ;
#2260 = EDGE_CURVE ( 'NONE', #914, #1387, #381, .T. ) ;
#2261 = CYLINDRICAL_SURFACE ( 'NONE', #2791, 0.8000000000000020428 ) ;
#2262 = VERTEX_POINT ( 'NONE', #104 ) ;
#2263 = ADVANCED_FACE ( 'NONE', ( #1894 ), #1246, .T. ) ;
#2264 = VERTEX_POINT ( 'NONE', #1024 ) ;
#2265 = FACE_OUTER_BOUND ( 'NONE', #1675, .T. ) ;
#2266 = ORIENTED_EDGE ( 'NONE', *, *, #1707, .F. ) ;
#2267 = ORIENTED_EDGE ( 'NONE', *, *, #1400, .T. ) ;
#2268 = DIRECTION ( 'NONE',  ( -0.000000000000000000, -1.000000000000000000, -0.000000000000000000 ) ) ;
#2269 = LINE ( 'NONE', #1822, #105 ) ;
#2270 = EDGE_CURVE ( 'NONE', #1450, #330, #2758, .T. ) ;
#2271 = LINE ( 'NONE', #1175, #1381 ) ;
#2272 = LINE ( 'NONE', #263, #2292 ) ;
#2273 = CARTESIAN_POINT ( 'NONE',  ( -35.82792810388515647, 7.200000000000000178, 14.79999999999998828 ) ) ;
#2274 = EDGE_LOOP ( 'NONE', ( #701, #2577 ) ) ;
#2275 = ORIENTED_EDGE ( 'NONE', *, *, #1856, .T. ) ;
#2276 = DIRECTION ( 'NONE',  ( -0.000000000000000000, -1.000000000000000000, -0.000000000000000000 ) ) ;
#2277 = TOROIDAL_SURFACE ( 'NONE', #767, 4.499999999999996447, 1.000000000000000000 ) ;
#2278 = ORIENTED_EDGE ( 'NONE', *, *, #2592, .F. ) ;
#2279 = DIRECTION ( 'NONE',  ( -0.000000000000000000, -1.000000000000000000, -0.000000000000000000 ) ) ;
#2280 = ORIENTED_EDGE ( 'NONE', *, *, #249, .T. ) ;
#2281 = DIRECTION ( 'NONE',  ( 1.000000000000000000, -0.000000000000000000, 0.000000000000000000 ) ) ;
#2282 = CIRCLE ( 'NONE', #1572, 1.700000000000000178 ) ;
#2283 = CARTESIAN_POINT ( 'NONE',  ( 33.79999999999997584, 0.8000000000000003775, 23.79999999999999005 ) ) ;
#2284 = EDGE_CURVE ( 'NONE', #208, #782, #2191, .T. ) ;
#2285 = LINE ( 'NONE', #1416, #2422 ) ;
#2286 = DIRECTION ( 'NONE',  ( -0.000000000000000000, -1.000000000000000000, 0.000000000000000000 ) ) ;
#2287 = CIRCLE ( 'NONE', #2058, 0.7999999999999986011 ) ;
#2288 = CARTESIAN_POINT ( 'NONE',  ( -35.19999999999999574, 8.800000000000000711, 20.79999999999999361 ) ) ;
#2289 = ORIENTED_EDGE ( 'NONE', *, *, #2382, .F. ) ;
#2290 = ORIENTED_EDGE ( 'NONE', *, *, #2477, .F. ) ;
#2291 = DIRECTION ( 'NONE',  ( 0.000000000000000000, 0.000000000000000000, -1.000000000000000000 ) ) ;
#2292 = VECTOR ( 'NONE', #278, 1000.000000000000000 ) ;
#2293 = VERTEX_POINT ( 'NONE', #777 ) ;
#2294 = ORIENTED_EDGE ( 'NONE', *, *, #1400, .F. ) ;
#2295 = AXIS2_PLACEMENT_3D ( 'NONE', #2740, #1657, #1377 ) ;
#2296 = CARTESIAN_POINT ( 'NONE',  ( 16.00000000000000000, 4.099999999999999645, -22.00000000000001421 ) ) ;
#2297 = CARTESIAN_POINT ( 'NONE',  ( 16.00000000000000000, 5.599999999999999645, -18.50000000000001776 ) ) ;
#2298 = DIRECTION ( 'NONE',  ( -0.000000000000000000, 1.000000000000000000, -0.000000000000000000 ) ) ;
#2299 = DIRECTION ( 'NONE',  ( -0.000000000000000000, -1.000000000000000000, -0.000000000000000000 ) ) ;
#2300 = CIRCLE ( 'NONE', #1031, 1.700000000000000178 ) ;
#2301 = DIRECTION ( 'NONE',  ( 0.000000000000000000, 0.000000000000000000, 1.000000000000000000 ) ) ;
#2302 = DIRECTION ( 'NONE',  ( 0.000000000000000000, 0.000000000000000000, 1.000000000000000000 ) ) ;
#2303 = ORIENTED_EDGE ( 'NONE', *, *, #521, .T. ) ;
#2304 = VECTOR ( 'NONE', #2478, 1000.000000000000000 ) ;
#2305 = B_SPLINE_CURVE_WITH_KNOTS ( 'NONE', 3,
 ( #2082, #966, #309, #275, #469, #1355, #2517, #2476, #65, #2693 ),
 .UNSPECIFIED., .F., .F.,
 ( 4, 2, 2, 2, 4 ),
 ( 0.000000000000000000, 0.0003644036504520813168, 0.0007288073009041626336, 0.001093210951356244059, 0.001457614601808325267 ),
 .UNSPECIFIED. ) ;
#2306 = ORIENTED_EDGE ( 'NONE', *, *, #245, .F. ) ;
#2307 = ORIENTED_EDGE ( 'NONE', *, *, #2136, .T. ) ;
#2308 = PRESENTATION_LAYER_ASSIGNMENT (  '', '', ( #1939 ) ) ;
#2309 = DIRECTION ( 'NONE',  ( -0.000000000000000000, -1.000000000000000000, 0.000000000000000000 ) ) ;
#2310 = DIRECTION ( 'NONE',  ( 0.000000000000000000, 0.000000000000000000, -1.000000000000000000 ) ) ;
#2311 = CARTESIAN_POINT ( 'NONE',  ( -33.79999999999997584, 0.000000000000000000, 23.00000000000000355 ) ) ;
#2312 = CARTESIAN_POINT ( 'NONE',  ( 19.36303434416005231, 2.399999999999999467, -22.20000000000000639 ) ) ;
#2313 = ADVANCED_FACE ( 'NONE', ( #857 ), #828, .F. ) ;
#2314 = AXIS2_PLACEMENT_3D ( 'NONE', #868, #443, #627 ) ;
#2315 = ORIENTED_EDGE ( 'NONE', *, *, #2567, .F. ) ;
#2316 = EDGE_CURVE ( 'NONE', #451, #1422, #2699, .T. ) ;
#2317 = ORIENTED_EDGE ( 'NONE', *, *, #160, .F. ) ;
#2318 = CARTESIAN_POINT ( 'NONE',  ( 12.43757740002384082, 1.872649170167114185, -22.00995114376170392 ) ) ;
#2319 = EDGE_CURVE ( 'NONE', #255, #2754, #2214, .T. ) ;
#2320 = VERTEX_POINT ( 'NONE', #2676 ) ;
#2321 = ORIENTED_EDGE ( 'NONE', *, *, #1880, .T. ) ;
#2322 = CARTESIAN_POINT ( 'NONE',  ( -33.79999999999999005, 5.599999999999999645, -22.19999999999999929 ) ) ;
#2323 = LINE ( 'NONE', #994, #1166 ) ;
#2324 = PLANE ( 'NONE',  #1345 ) ;
#2325 = CARTESIAN_POINT ( 'NONE',  ( -33.79999999999997584, 5.599999999999999645, 22.20000000000000284 ) ) ;
#2326 = DIRECTION ( 'NONE',  ( -0.000000000000000000, -1.000000000000000000, 0.000000000000000000 ) ) ;
#2327 = AXIS2_PLACEMENT_3D ( 'NONE', #1027, #566, #1457 ) ;
#2328 = AXIS2_PLACEMENT_3D ( 'NONE', #423, #1095, #1035 ) ;
#2329 =( NAMED_UNIT ( * ) SI_UNIT ( $, .STERADIAN. ) SOLID_ANGLE_UNIT ( ) );
#2330 = EDGE_LOOP ( 'NONE', ( #2830, #974, #2485, #2685 ) ) ;
#2331 = ORIENTED_EDGE ( 'NONE', *, *, #2860, .T. ) ;
#2332 = ORIENTED_EDGE ( 'NONE', *, *, #1550, .T. ) ;
#2333 = CARTESIAN_POINT ( 'NONE',  ( -31.50000000000000000, 0.9999999999999991118, 18.50000000000000711 ) ) ;
#2334 = VECTOR ( 'NONE', #1897, 1000.000000000000000 ) ;
#2335 = DIRECTION ( 'NONE',  ( 0.000000000000000000, -1.000000000000000000, 0.000000000000000000 ) ) ;
#2336 = DIRECTION ( 'NONE',  ( 0.000000000000000000, 0.000000000000000000, -1.000000000000000000 ) ) ;
#2337 = PLANE ( 'NONE',  #296 ) ;
#2338 = DIRECTION ( 'NONE',  ( 0.000000000000000000, 0.000000000000000000, 1.000000000000000000 ) ) ;
#2339 = ADVANCED_FACE ( 'NONE', ( #1340 ), #641, .F. ) ;
#2340 = DIRECTION ( 'NONE',  ( -1.000000000000000000, 0.000000000000000000, 0.000000000000000000 ) ) ;
#2341 = EDGE_LOOP ( 'NONE', ( #1791, #1017, #2880, #638 ) ) ;
#2342 = ORIENTED_EDGE ( 'NONE', *, *, #1319, .T. ) ;
#2343 = ORIENTED_EDGE ( 'NONE', *, *, #795, .T. ) ;
#2344 = CIRCLE ( 'NONE', #1207, 3.499999999999999556 ) ;
#2345 = ORIENTED_EDGE ( 'NONE', *, *, #1615, .T. ) ;
#2346 = CARTESIAN_POINT ( 'NONE',  ( -36.79999999999999716, 7.200000000000000178, 20.79999999999998295 ) ) ;
#2347 = DIRECTION ( 'NONE',  ( 1.668003342285392537E-16, 0.000000000000000000, 1.000000000000000000 ) ) ;
#2348 = EDGE_CURVE ( 'NONE', #438, #315, #1782, .T. ) ;
#2349 = AXIS2_PLACEMENT_3D ( 'NONE', #2536, #754, #1236 ) ;
#2350 = EDGE_CURVE ( 'NONE', #914, #1818, #2554, .T. ) ;
#2351 = DIRECTION ( 'NONE',  ( -0.000000000000000000, -1.000000000000000000, 0.000000000000000000 ) ) ;
#2352 = DIRECTION ( 'NONE',  ( 0.000000000000000000, -0.000000000000000000, -1.000000000000000000 ) ) ;
#2353 = CARTESIAN_POINT ( 'NONE',  ( 34.39999999999999858, 1.600000000000000089, 20.80000000000000426 ) ) ;
#2354 = ADVANCED_FACE ( 'NONE', ( #1965 ), #1109, .T. ) ;
#2355 = ADVANCED_FACE ( 'NONE', ( #444 ), #613, .F. ) ;
#2356 = EDGE_CURVE ( 'NONE', #2262, #1061, #1329, .T. ) ;
#2357 = LINE ( 'NONE', #2371, #2817 ) ;
#2358 =( NAMED_UNIT ( * ) PLANE_ANGLE_UNIT ( ) SI_UNIT ( $, .RADIAN. ) );
#2359 = ORIENTED_EDGE ( 'NONE', *, *, #935, .F. ) ;
#2360 = ADVANCED_FACE ( 'NONE', ( #2462 ), #1280, .T. ) ;
#2361 = ORIENTED_EDGE ( 'NONE', *, *, #375, .F. ) ;
#2362 = CIRCLE ( 'NONE', #718, 1.000000000000000888 ) ;
#2363 = ORIENTED_EDGE ( 'NONE', *, *, #1576, .F. ) ;
#2364 = CARTESIAN_POINT ( 'NONE',  ( 12.63696565583994769, 2.399999999999999467, -22.20000000000000639 ) ) ;
#2365 = VERTEX_POINT ( 'NONE', #1979 ) ;
#2366 = DIRECTION ( 'NONE',  ( -0.000000000000000000, -1.000000000000000000, -0.000000000000000000 ) ) ;
#2367 = CARTESIAN_POINT ( 'NONE',  ( -36.00000000000000000, 0.000000000000000000, -20.79999999999998295 ) ) ;
#2368 = DIRECTION ( 'NONE',  ( 0.000000000000000000, 0.000000000000000000, -1.000000000000000000 ) ) ;
#2369 = CARTESIAN_POINT ( 'NONE',  ( -35.79999999999999716, 8.800000000000000711, -20.79999999999997584 ) ) ;
#2370 = CARTESIAN_POINT ( 'NONE',  ( 16.00000000000000000, 5.599999999999999645, -16.80000000000001492 ) ) ;
#2371 = CARTESIAN_POINT ( 'NONE',  ( 36.90423776759359242, 8.800000000000000711, -14.79999999999997407 ) ) ;
#2372 = VECTOR ( 'NONE', #1087, 1000.000000000000114 ) ;
#2373 = ORIENTED_EDGE ( 'NONE', *, *, #819, .T. ) ;
#2374 = DIRECTION ( 'NONE',  ( 0.000000000000000000, 0.000000000000000000, -1.000000000000000000 ) ) ;
#2375 = ORIENTED_EDGE ( 'NONE', *, *, #2102, .T. ) ;
#2376 = AXIS2_PLACEMENT_3D ( 'NONE', #2640, #1944, #218 ) ;
#2377 = VERTEX_POINT ( 'NONE', #2834 ) ;
#2378 = ADVANCED_FACE ( 'NONE', ( #1312 ), #1542, .F. ) ;
#2379 = ORIENTED_EDGE ( 'NONE', *, *, #2233, .F. ) ;
#2380 = CARTESIAN_POINT ( 'NONE',  ( 36.00000000000000000, 0.8000000000000003775, -20.79999999999999361 ) ) ;
#2381 = LINE ( 'NONE', #2127, #1823 ) ;
#2382 = EDGE_CURVE ( 'NONE', #451, #972, #2632, .T. ) ;
#2383 = CARTESIAN_POINT ( 'NONE',  ( 33.79999999999999716, 2.400000000000000355, 20.79999999999999361 ) ) ;
#2384 = DIRECTION ( 'NONE',  ( 0.000000000000000000, 0.000000000000000000, -1.000000000000000000 ) ) ;
#2385 = DIRECTION ( 'NONE',  ( -1.000000000000000000, 0.000000000000000000, 0.000000000000000000 ) ) ;
#2386 = LINE ( 'NONE', #2636, #1389 ) ;
#2387 = AXIS2_PLACEMENT_3D ( 'NONE', #2868, #656, #1984 ) ;
#2388 = CARTESIAN_POINT ( 'NONE',  ( 16.00000000000000000, 1.600000000000000755, -18.50000000000001776 ) ) ;
#2389 = ORIENTED_EDGE ( 'NONE', *, *, #98, .F. ) ;
#2390 = CARTESIAN_POINT ( 'NONE',  ( 35.82792810388515647, 7.200000000000001066, -20.79999999999999716 ) ) ;
#2391 = ORIENTED_EDGE ( 'NONE', *, *, #481, .T. ) ;
#2392 = AXIS2_PLACEMENT_3D ( 'NONE', #447, #2229, #226 ) ;
#2393 = CARTESIAN_POINT ( 'NONE',  ( -31.50000000000000000, 0.9999999999999991118, -15.00000000000001599 ) ) ;
#2394 = ORIENTED_EDGE ( 'NONE', *, *, #1925, .T. ) ;
#2395 = EDGE_LOOP ( 'NONE', ( #114, #1200, #2363, #572 ) ) ;
#2396 = CIRCLE ( 'NONE', #2489, 2.200000000000000622 ) ;
#2397 = DIRECTION ( 'NONE',  ( 0.000000000000000000, 0.000000000000000000, -1.000000000000000000 ) ) ;
#2398 = CARTESIAN_POINT ( 'NONE',  ( 33.79999999999997584, 7.200000000000000178, -23.80000000000001137 ) ) ;
#2399 = CARTESIAN_POINT ( 'NONE',  ( -31.50000000000000000, 0.000000000000000000, -18.50000000000001776 ) ) ;
#2400 = CARTESIAN_POINT ( 'NONE',  ( -35.79999999999999716, 8.800000000000000711, -20.79999999999997584 ) ) ;
#2401 = FACE_OUTER_BOUND ( 'NONE', #267, .T. ) ;
#2402 = LINE ( 'NONE', #2839, #2433 ) ;
#2403 =( REPRESENTATION_RELATIONSHIP ('NONE','NONE', #902, #606 ) REPRESENTATION_RELATIONSHIP_WITH_TRANSFORMATION ( #541 )SHAPE_REPRESENTATION_RELATIONSHIP( ) );
#2404 = VECTOR ( 'NONE', #2836, 1000.000000000000000 ) ;
#2405 = DIRECTION ( 'NONE',  ( 0.000000000000000000, 0.000000000000000000, -1.000000000000000000 ) ) ;
#2406 = ORIENTED_EDGE ( 'NONE', *, *, #906, .F. ) ;
#2407 = CARTESIAN_POINT ( 'NONE',  ( 16.00000000000000000, 0.9999999999999991118, 18.50000000000000355 ) ) ;
#2408 = EDGE_CURVE ( 'NONE', #1225, #255, #1526, .T. ) ;
#2409 = CYLINDRICAL_SURFACE ( 'NONE', #874, 1.700000000000000178 ) ;
#2410 = B_SPLINE_CURVE_WITH_KNOTS ( 'NONE', 3,
 ( #2364, #991, #1181, #2110, #2318, #1451, #1198, #2093, #989, #1890 ),
 .UNSPECIFIED., .F., .F.,
 ( 4, 2, 2, 2, 4 ),
 ( 8.673617379884035472E-19, 0.0003651328685236827692, 0.0007302657370473646711, 0.001095398605571046464, 0.001460531474094728475 ),
 .UNSPECIFIED. ) ;
#2411 = VERTEX_POINT ( 'NONE', #396 ) ;
#2412 = ADVANCED_FACE ( 'NONE', ( #177, #1511 ), #2417, .F. ) ;
#2413 = ORIENTED_EDGE ( 'NONE', *, *, #915, .F. ) ;
#2414 = ADVANCED_FACE ( 'NONE', ( #2196 ), #195, .T. ) ;
#2415 = ADVANCED_FACE ( 'NONE', ( #1567 ), #2020, .T. ) ;
#2416 = DIRECTION ( 'NONE',  ( 0.000000000000000000, -1.000000000000000000, 0.000000000000000000 ) ) ;
#2417 = PLANE ( 'NONE',  #45 ) ;
#2418 = ORIENTED_EDGE ( 'NONE', *, *, #249, .F. ) ;
#2419 = CARTESIAN_POINT ( 'NONE',  ( 19.49684587975906069, 1.955519467356728214, 22.07448128874481341 ) ) ;
#2420 = PLANE ( 'NONE',  #1544 ) ;
#2421 = ORIENTED_EDGE ( 'NONE', *, *, #2783, .T. ) ;
#2422 = VECTOR ( 'NONE', #107, 1000.000000000000000 ) ;
#2423 = LINE ( 'NONE', #2246, #1830 ) ;
#2424 = ORIENTED_EDGE ( 'NONE', *, *, #1885, .F. ) ;
#2425 = AXIS2_PLACEMENT_3D ( 'NONE', #762, #1910, #2555 ) ;
#2426 = LINE ( 'NONE', #865, #1111 ) ;
#2427 = EDGE_LOOP ( 'NONE', ( #1189, #127, #1517, #1848 ) ) ;
#2428 = CIRCLE ( 'NONE', #1009, 4.500000000000000888 ) ;
#2429 = ORIENTED_EDGE ( 'NONE', *, *, #433, .F. ) ;
#2430 = AXIS2_PLACEMENT_3D ( 'NONE', #2407, #1718, #1081 ) ;
#2431 = DIRECTION ( 'NONE',  ( 0.000000000000000000, 0.000000000000000000, -1.000000000000000000 ) ) ;
#2432 = CARTESIAN_POINT ( 'NONE',  ( -35.20000000000000284, 7.200000000000000178, 20.79999999999998295 ) ) ;
#2433 = VECTOR ( 'NONE', #1300, 1000.000000000000000 ) ;
#2434 = FACE_OUTER_BOUND ( 'NONE', #726, .T. ) ;
#2435 = DIRECTION ( 'NONE',  ( 0.000000000000000000, 0.000000000000000000, -1.000000000000000000 ) ) ;
#2436 = DIRECTION ( 'NONE',  ( 0.000000000000000000, 0.000000000000000000, -1.000000000000000000 ) ) ;
#2437 = AXIS2_PLACEMENT_3D ( 'NONE', #1397, #313, #539 ) ;
#2438 = ORIENTED_EDGE ( 'NONE', *, *, #1344, .F. ) ;
#2439 = DIRECTION ( 'NONE',  ( -0.000000000000000000, -1.000000000000000000, -0.000000000000000000 ) ) ;
#2440 = AXIS2_PLACEMENT_3D ( 'NONE', #2852, #455, #1075 ) ;
#2441 = CARTESIAN_POINT ( 'NONE',  ( 34.39999999999999858, 1.600000000000000089, 20.79999999999997229 ) ) ;
#2442 = ORIENTED_EDGE ( 'NONE', *, *, #724, .T. ) ;
#2443 = ORIENTED_EDGE ( 'NONE', *, *, #2140, .F. ) ;
#2444 = VECTOR ( 'NONE', #1677, 1000.000000000000000 ) ;
#2445 = PLANE ( 'NONE',  #1756 ) ;
#2446 = DIRECTION ( 'NONE',  ( 1.000000000000000000, 0.000000000000000000, -1.539695392878823672E-16 ) ) ;
#2447 = AXIS2_PLACEMENT_3D ( 'NONE', #119, #2556, #2384 ) ;
#2448 = CYLINDRICAL_SURFACE ( 'NONE', #2392, 1.700000000000000178 ) ;
#2449 = DIRECTION ( 'NONE',  ( 0.000000000000000000, 1.000000000000000000, -0.000000000000000000 ) ) ;
#2450 = EDGE_CURVE ( 'NONE', #315, #2175, #1669, .T. ) ;
#2451 = VECTOR ( 'NONE', #2824, 1000.000000000000000 ) ;
#2452 = EDGE_CURVE ( 'NONE', #1906, #1640, #2282, .T. ) ;
#2453 = CARTESIAN_POINT ( 'NONE',  ( -28.00315412024093931, 1.955519467356728658, 22.07448128874482407 ) ) ;
#2454 = EDGE_CURVE ( 'NONE', #1138, #2711, #1482, .T. ) ;
#2455 = EDGE_CURVE ( 'NONE', #2494, #2248, #2051, .T. ) ;
#2456 = CIRCLE ( 'NONE', #669, 3.000000000000002665 ) ;
#2457 = DIRECTION ( 'NONE',  ( -0.000000000000000000, -1.000000000000000000, -0.000000000000000000 ) ) ;
#2458 = EDGE_CURVE ( 'NONE', #239, #2673, #363, .T. ) ;
#2459 = EDGE_LOOP ( 'NONE', ( #560, #1210, #2290, #650 ) ) ;
#2460 = EDGE_LOOP ( 'NONE', ( #2725, #2611, #346, #939 ) ) ;
#2461 = CARTESIAN_POINT ( 'NONE',  ( 36.79999999999999716, 7.200000000000000178, 20.79999999999997229 ) ) ;
#2462 = FACE_OUTER_BOUND ( 'NONE', #863, .T. ) ;
#2463 = DIRECTION ( 'NONE',  ( 0.000000000000000000, -1.000000000000000000, 0.000000000000000000 ) ) ;
#2464 = AXIS2_PLACEMENT_3D ( 'NONE', #1582, #2239, #110 ) ;
#2465 = DIRECTION ( 'NONE',  ( -1.000000000000000000, 0.000000000000000000, 0.000000000000000000 ) ) ;
#2466 = DIRECTION ( 'NONE',  ( 0.000000000000000000, 0.000000000000000000, -1.000000000000000000 ) ) ;
#2467 = CARTESIAN_POINT ( 'NONE',  ( -34.50033765193761326, 1.600000000000000089, 14.49835718376439608 ) ) ;
#2468 = ORIENTED_EDGE ( 'NONE', *, *, #2057, .T. ) ;
#2469 = ORIENTED_EDGE ( 'NONE', *, *, #1959, .F. ) ;
#2470 = FACE_OUTER_BOUND ( 'NONE', #2818, .T. ) ;
#2471 = DIRECTION ( 'NONE',  ( 0.000000000000000000, 0.000000000000000000, -1.000000000000000000 ) ) ;
#2472 = EDGE_CURVE ( 'NONE', #963, #2711, #996, .T. ) ;
#2473 = CIRCLE ( 'NONE', #320, 2.000000000000001776 ) ;
#2474 = EDGE_LOOP ( 'NONE', ( #973, #1153, #677, #2064 ) ) ;
#2475 = PRESENTATION_STYLE_ASSIGNMENT (( #1368 ) ) ;
#2476 = CARTESIAN_POINT ( 'NONE',  ( 12.60406479538254310, 2.157095992382393135, 22.17049981829706340 ) ) ;
#2477 = EDGE_CURVE ( 'NONE', #820, #255, #747, .T. ) ;
#2478 = DIRECTION ( 'NONE',  ( 1.000000000000000000, -0.000000000000000000, 1.667495291001304242E-16 ) ) ;
#2479 = ADVANCED_FACE ( 'NONE', ( #537 ), #2241, .T. ) ;
#2480 = CIRCLE ( 'NONE', #1915, 2.200000000000000622 ) ;
#2481 = DIRECTION ( 'NONE',  ( 0.000000000000000000, 1.000000000000000000, -0.000000000000000000 ) ) ;
#2482 = VERTEX_POINT ( 'NONE', #1469 ) ;
#2483 = ORIENTED_EDGE ( 'NONE', *, *, #753, .T. ) ;
#2484 = CARTESIAN_POINT ( 'NONE',  ( 33.79999999999999716, 8.800000000000000711, 20.79999999999999361 ) ) ;
#2485 = ORIENTED_EDGE ( 'NONE', *, *, #2173, .T. ) ;
#2486 = ORIENTED_EDGE ( 'NONE', *, *, #1842, .F. ) ;
#2487 = FACE_OUTER_BOUND ( 'NONE', #739, .T. ) ;
#2488 = CARTESIAN_POINT ( 'NONE',  ( -31.50000000000000000, 8.801000000000000156, 20.20000000000000639 ) ) ;
#2489 = AXIS2_PLACEMENT_3D ( 'NONE', #693, #1839, #294 ) ;
#2490 = CARTESIAN_POINT ( 'NONE',  ( -31.50000000000000000, 4.099999999999999645, -18.50000000000001776 ) ) ;
#2491 = CARTESIAN_POINT ( 'NONE',  ( 19.56396889105762327, 1.871003140539082343, -22.00835353257793514 ) ) ;
#2492 = CIRCLE ( 'NONE', #1216, 3.499999999999999556 ) ;
#2493 = CARTESIAN_POINT ( 'NONE',  ( -31.50000000000000000, 0.000000000000000000, -18.50000000000001776 ) ) ;
#2494 = VERTEX_POINT ( 'NONE', #338 ) ;
#2495 = EDGE_LOOP ( 'NONE', ( #1169, #573 ) ) ;
#2496 = AXIS2_PLACEMENT_3D ( 'NONE', #1463, #1636, #1847 ) ;
#2497 = DIRECTION ( 'NONE',  ( 0.000000000000000000, 0.000000000000000000, 1.000000000000000000 ) ) ;
#2498 = ADVANCED_FACE ( 'NONE', ( #597 ), #147, .T. ) ;
#2499 = ORIENTED_EDGE ( 'NONE', *, *, #2284, .F. ) ;
#2500 = CARTESIAN_POINT ( 'NONE',  ( 33.79999999999997584, 5.599999999999999645, 22.19999999999999218 ) ) ;
#2501 = ORIENTED_EDGE ( 'NONE', *, *, #516, .F. ) ;
#2502 = CARTESIAN_POINT ( 'NONE',  ( 16.00000000000000000, 15.49949493661166322, 22.00000000000000355 ) ) ;
#2503 = CARTESIAN_POINT ( 'NONE',  ( -31.50000000000000000, 4.099999999999999645, -15.00000000000001599 ) ) ;
#2504 = AXIS2_PLACEMENT_3D ( 'NONE', #2380, #1540, #2225 ) ;
#2505 = LINE ( 'NONE', #1843, #2193 ) ;
#2506 = LINE ( 'NONE', #2259, #2525 ) ;
#2507 = DIRECTION ( 'NONE',  ( 1.000000000000000000, 0.000000000000000000, -1.539695392878823672E-16 ) ) ;
#2508 = VERTEX_POINT ( 'NONE', #1662 ) ;
#2509 = ORIENTED_EDGE ( 'NONE', *, *, #579, .T. ) ;
#2510 = CARTESIAN_POINT ( 'NONE',  ( -28.13696565583994413, 5.600000000000000533, 22.19999999999999929 ) ) ;
#2511 = ORIENTED_EDGE ( 'NONE', *, *, #1361, .T. ) ;
#2512 = LINE ( 'NONE', #1837, #932 ) ;
#2513 = VERTEX_POINT ( 'NONE', #1262 ) ;
#2514 = APPLICATION_CONTEXT ( 'automotive_design' ) ;
#2515 = CARTESIAN_POINT ( 'NONE',  ( 36.00000000000000000, 0.8000000000000003775, 20.79999999999997229 ) ) ;
#2516 = VECTOR ( 'NONE', #2222, 1000.000000000000000 ) ;
#2517 = CARTESIAN_POINT ( 'NONE',  ( 12.50218526836771105, 1.953897996922341562, 22.07354682818835911 ) ) ;
#2518 = PRODUCT_DEFINITION_FORMATION_WITH_SPECIFIED_SOURCE ( 'ä»', '', #1758, .NOT_KNOWN. ) ;
#2519 = AXIS2_PLACEMENT_3D ( 'NONE', #1813, #2030, #26 ) ;
#2520 = DIRECTION ( 'NONE',  ( 0.000000000000000000, 0.000000000000000000, -1.000000000000000000 ) ) ;
#2521 = CARTESIAN_POINT ( 'NONE',  ( 20.07308237088326308, 1.600000000000000755, -21.40000000000000568 ) ) ;
#2522 = AXIS2_PLACEMENT_3D ( 'NONE', #261, #1146, #657 ) ;
#2523 = DIRECTION ( 'NONE',  ( 0.000000000000000000, 0.000000000000000000, -1.000000000000000000 ) ) ;
#2524 = VERTEX_POINT ( 'NONE', #778 ) ;
#2525 = VECTOR ( 'NONE', #946, 1000.000000000000000 ) ;
#2526 = ORIENTED_EDGE ( 'NONE', *, *, #80, .T. ) ;
#2527 = ORIENTED_EDGE ( 'NONE', *, *, #2200, .T. ) ;
#2528 = SURFACE_STYLE_FILL_AREA ( #2691 ) ;
#2529 = DIRECTION ( 'NONE',  ( -1.000000000000000000, 0.000000000000000000, -1.667495291001304242E-16 ) ) ;
#2530 = AXIS2_PLACEMENT_3D ( 'NONE', #2052, #1613, #1145 ) ;
#2531 = FACE_OUTER_BOUND ( 'NONE', #1242, .T. ) ;
#2532 = CARTESIAN_POINT ( 'NONE',  ( 16.00000000000000000, 4.099999999999999645, 16.80000000000000071 ) ) ;
#2533 = ADVANCED_FACE ( 'NONE', ( #2543, #2821 ), #2324, .F. ) ;
#2534 = ADVANCED_FACE ( 'NONE', ( #1203 ), #132, .T. ) ;
#2535 = EDGE_CURVE ( 'NONE', #248, #772, #799, .T. ) ;
#2536 = CARTESIAN_POINT ( 'NONE',  ( -33.79999999999999716, 4.099999999999999645, 20.80000000000000426 ) ) ;
#2537 = VERTEX_POINT ( 'NONE', #1011 ) ;
#2538 = CONICAL_SURFACE ( 'NONE', #1082, 2.000000000000001776, 0.01745329251994333364 ) ;
#2539 = ORIENTED_EDGE ( 'NONE', *, *, #1925, .F. ) ;
#2540 = COLOUR_RGB ( '',0.7921568627450980005, 0.8196078431372548767, 0.9333333333333333481 ) ;
#2541 = CARTESIAN_POINT ( 'NONE',  ( -33.79999999999996874, 8.800000000000000711, 22.80000000000000071 ) ) ;
#2542 = CARTESIAN_POINT ( 'NONE',  ( -31.50000000000000000, 1.600000000000000755, -18.50000000000001776 ) ) ;
#2543 = FACE_BOUND ( 'NONE', #770, .T. ) ;
#2544 = CARTESIAN_POINT ( 'NONE',  ( -33.79999999999997584, 7.200000000000000178, 23.80000000000000071 ) ) ;
#2545 = FACE_OUTER_BOUND ( 'NONE', #304, .T. ) ;
#2546 = SHAPE_DEFINITION_REPRESENTATION ( #2777, #902 ) ;
#2547 = ORIENTED_EDGE ( 'NONE', *, *, #1361, .F. ) ;
#2548 = ORIENTED_EDGE ( 'NONE', *, *, #999, .T. ) ;
#2549 = VERTEX_POINT ( 'NONE', #2774 ) ;
#2550 = EDGE_CURVE ( 'NONE', #1292, #2651, #771, .T. ) ;
#2551 = DIRECTION ( 'NONE',  ( 8.673617379884013384E-15, 0.000000000000000000, -1.000000000000000000 ) ) ;
#2552 = DIRECTION ( 'NONE',  ( -0.000000000000000000, -0.000000000000000000, -1.000000000000000000 ) ) ;
#2553 = CARTESIAN_POINT ( 'NONE',  ( 33.79999999999997584, 2.400000000000000355, -22.20000000000000995 ) ) ;
#2554 = CIRCLE ( 'NONE', #2009, 3.499999999999996003 ) ;
#2555 = DIRECTION ( 'NONE',  ( 0.000000000000000000, 0.000000000000000000, -1.000000000000000000 ) ) ;
#2556 = DIRECTION ( 'NONE',  ( -0.000000000000000000, -1.000000000000000000, 0.000000000000000000 ) ) ;
#2557 = PLANE ( 'NONE',  #2063 ) ;
#2558 = AXIS2_PLACEMENT_3D ( 'NONE', #2779, #1403, #528 ) ;
#2559 = VECTOR ( 'NONE', #223, 1000.000000000000227 ) ;
#2560 = AXIS2_PLACEMENT_3D ( 'NONE', #1700, #1989, #1323 ) ;
#2561 = EDGE_CURVE ( 'NONE', #1585, #1475, #505, .T. ) ;
#2562 = CARTESIAN_POINT ( 'NONE',  ( 16.00000000000000000, 0.9999999999999991118, -14.00000000000001954 ) ) ;
#2563 = CARTESIAN_POINT ( 'NONE',  ( 0.000000000000000000, 0.000000000000000000, 0.000000000000000000 ) ) ;
#2564 = ORIENTED_EDGE ( 'NONE', *, *, #289, .T. ) ;
#2565 = ORIENTED_EDGE ( 'NONE', *, *, #284, .F. ) ;
#2566 = VERTEX_POINT ( 'NONE', #2600 ) ;
#2567 = EDGE_CURVE ( 'NONE', #1538, #2365, #364, .T. ) ;
#2568 = ORIENTED_EDGE ( 'NONE', *, *, #845, .F. ) ;
#2569 = DIRECTION ( 'NONE',  ( 0.000000000000000000, -1.000000000000000000, 0.000000000000000000 ) ) ;
#2570 = AXIS2_PLACEMENT_3D ( 'NONE', #2589, #2790, #998 ) ;
#2571 = CARTESIAN_POINT ( 'NONE',  ( -31.50000000000000000, 1.600000000000000755, 18.50000000000000711 ) ) ;
#2572 = EDGE_CURVE ( 'NONE', #2701, #2715, #1933, .T. ) ;
#2573 = CIRCLE ( 'NONE', #59, 4.500000000000000888 ) ;
#2574 = DIRECTION ( 'NONE',  ( 0.000000000000000000, 0.000000000000000000, -1.000000000000000000 ) ) ;
#2575 = CARTESIAN_POINT ( 'NONE',  ( -31.50000000000000000, 5.599999999999999645, -18.50000000000001776 ) ) ;
#2576 = DIRECTION ( 'NONE',  ( 0.000000000000000000, 0.000000000000000000, -1.000000000000000000 ) ) ;
#2577 = ORIENTED_EDGE ( 'NONE', *, *, #999, .F. ) ;
#2578 = AXIS2_PLACEMENT_3D ( 'NONE', #1369, #1853, #928 ) ;
#2579 = CARTESIAN_POINT ( 'NONE',  ( -31.50000000000000000, 0.000000000000000000, -23.00000000000000355 ) ) ;
#2580 = CARTESIAN_POINT ( 'NONE',  ( -33.79999999999997584, 0.8000000000000003775, 23.80000000000000071 ) ) ;
#2581 = EDGE_LOOP ( 'NONE', ( #681, #792, #2890, #1873 ) ) ;
#2582 = CIRCLE ( 'NONE', #571, 2.999999999999999112 ) ;
#2583 = ORIENTED_EDGE ( 'NONE', *, *, #2458, .F. ) ;
#2584 = CARTESIAN_POINT ( 'NONE',  ( 35.19999999999999574, 7.200000000000000178, -20.80000000000000426 ) ) ;
#2585 = DIRECTION ( 'NONE',  ( 0.000000000000000000, -1.000000000000000000, 0.000000000000000000 ) ) ;
#2586 = AXIS2_PLACEMENT_3D ( 'NONE', #2737, #766, #2523 ) ;
#2587 = CARTESIAN_POINT ( 'NONE',  ( -36.90453384756089861, 5.930450154248392280, -20.80000000000000426 ) ) ;
#2588 = CARTESIAN_POINT ( 'NONE',  ( -31.50000000000000000, 4.099999999999999645, 18.50000000000000711 ) ) ;
#2589 = CARTESIAN_POINT ( 'NONE',  ( -33.79999999999999716, 5.599999999999999645, -20.80000000000000426 ) ) ;
#2590 = ORIENTED_EDGE ( 'NONE', *, *, #2260, .F. ) ;
#2591 = DIRECTION ( 'NONE',  ( -0.000000000000000000, -1.000000000000000000, 0.000000000000000000 ) ) ;
#2592 = EDGE_CURVE ( 'NONE', #2715, #442, #1693, .T. ) ;
#2593 = EDGE_LOOP ( 'NONE', ( #329, #2379, #428, #246 ) ) ;
#2594 = CARTESIAN_POINT ( 'NONE',  ( -33.79999999999997584, 8.800000000000000711, 22.19999999999999929 ) ) ;
#2595 = EDGE_LOOP ( 'NONE', ( #2181, #2854, #1624, #2122 ) ) ;
#2596 = VECTOR ( 'NONE', #233, 1000.000000000000227 ) ;
#2597 = ORIENTED_EDGE ( 'NONE', *, *, #1053, .T. ) ;
#2598 = FACE_OUTER_BOUND ( 'NONE', #286, .T. ) ;
#2599 = CARTESIAN_POINT ( 'NONE',  ( 33.79999999999999005, 2.400000000000000355, 22.19999999999999574 ) ) ;
#2600 = CARTESIAN_POINT ( 'NONE',  ( -31.50000000000000000, 5.599999999999999645, 16.80000000000000426 ) ) ;
#2601 = DIRECTION ( 'NONE',  ( 0.000000000000000000, -0.000000000000000000, 1.000000000000000000 ) ) ;
#2602 = ORIENTED_EDGE ( 'NONE', *, *, #1614, .T. ) ;
#2603 = CARTESIAN_POINT ( 'NONE',  ( -31.50000000000000000, 5.599999999999999645, -16.80000000000001492 ) ) ;
#2604 = AXIS2_PLACEMENT_3D ( 'NONE', #2146, #1879, #146 ) ;
#2605 = EDGE_LOOP ( 'NONE', ( #1760, #2724, #204, #2389 ) ) ;
#2606 = ORIENTED_EDGE ( 'NONE', *, *, #1580, .F. ) ;
#2607 = AXIS2_PLACEMENT_3D ( 'NONE', #1918, #1652, #1900 ) ;
#2608 = LINE ( 'NONE', #836, #231 ) ;
#2609 = ORIENTED_EDGE ( 'NONE', *, *, #795, .F. ) ;
#2610 = DIRECTION ( 'NONE',  ( -0.000000000000000000, -1.000000000000000000, -0.000000000000000000 ) ) ;
#2611 = ORIENTED_EDGE ( 'NONE', *, *, #74, .F. ) ;
#2612 = DIRECTION ( 'NONE',  ( -0.9998476951563912696, 0.01745240643728355329, 0.000000000000000000 ) ) ;
#2613 = DIRECTION ( 'NONE',  ( -0.000000000000000000, -1.000000000000000000, -0.000000000000000000 ) ) ;
#2614 = DIRECTION ( 'NONE',  ( 0.000000000000000000, 0.000000000000000000, -1.000000000000000000 ) ) ;
#2615 = LINE ( 'NONE', #134, #2678 ) ;
#2616 = CARTESIAN_POINT ( 'NONE',  ( -33.79999999999999716, 8.800000000000000711, 20.80000000000000426 ) ) ;
#2617 = ORIENTED_EDGE ( 'NONE', *, *, #1275, .T. ) ;
#2618 = FACE_OUTER_BOUND ( 'NONE', #1141, .T. ) ;
#2619 = EDGE_CURVE ( 'NONE', #2223, #520, #2147, .T. ) ;
#2620 = EDGE_CURVE ( 'NONE', #1050, #2482, #2829, .T. ) ;
#2621 = LINE ( 'NONE', #2151, #1551 ) ;
#2622 = EDGE_CURVE ( 'NONE', #230, #1071, #830, .T. ) ;
#2623 = ORIENTED_EDGE ( 'NONE', *, *, #2550, .T. ) ;
#2624 = CARTESIAN_POINT ( 'NONE',  ( -36.79999999999999716, 0.8000000000000003775, 20.79999999999998295 ) ) ;
#2625 = EDGE_CURVE ( 'NONE', #2293, #100, #2473, .T. ) ;
#2626 = CONICAL_SURFACE ( 'NONE', #2530, 2.000000000000005329, 0.01745329251994333364 ) ;
#2627 = CARTESIAN_POINT ( 'NONE',  ( -33.79999999999999716, 0.000000000000000000, 20.80000000000000426 ) ) ;
#2628 = ORIENTED_EDGE ( 'NONE', *, *, #1648, .T. ) ;
#2629 = ORIENTED_EDGE ( 'NONE', *, *, #752, .T. ) ;
#2630 = CIRCLE ( 'NONE', #850, 3.499999999999999556 ) ;
#2631 = FACE_OUTER_BOUND ( 'NONE', #394, .T. ) ;
#2632 = LINE ( 'NONE', #2226, #918 ) ;
#2633 = DIRECTION ( 'NONE',  ( 0.000000000000000000, -1.000000000000000000, 0.000000000000000000 ) ) ;
#2634 = CARTESIAN_POINT ( 'NONE',  ( 16.00000000000000000, 4.099999999999999645, -18.50000000000001776 ) ) ;
#2635 = FACE_OUTER_BOUND ( 'NONE', #2595, .T. ) ;
#2636 = CARTESIAN_POINT ( 'NONE',  ( 16.00000000000000000, 8.801000000000000156, 16.80000000000000071 ) ) ;
#2637 = DIRECTION ( 'NONE',  ( -0.000000000000000000, -0.9998476951563911586, -0.01745240643728354982 ) ) ;
#2638 = VERTEX_POINT ( 'NONE', #1306 ) ;
#2639 = DIRECTION ( 'NONE',  ( 0.9998476951563911586, -0.01745240643728355676, 0.000000000000000000 ) ) ;
#2640 = CARTESIAN_POINT ( 'NONE',  ( 33.79999999999997584, 0.8000000000000003775, -23.00000000000001421 ) ) ;
#2641 = VERTEX_POINT ( 'NONE', #2393 ) ;
#2642 = ORIENTED_EDGE ( 'NONE', *, *, #185, .F. ) ;
#2643 = PLANE ( 'NONE',  #1285 ) ;
#2644 = DIRECTION ( 'NONE',  ( 0.000000000000000000, 0.000000000000000000, 1.000000000000000000 ) ) ;
#2645 = ADVANCED_FACE ( 'NONE', ( #648 ), #2409, .F. ) ;
#2646 = FACE_OUTER_BOUND ( 'NONE', #786, .T. ) ;
#2647 = CARTESIAN_POINT ( 'NONE',  ( -33.79999999999997584, 8.800000000000000711, 22.19999999999999929 ) ) ;
#2648 = CARTESIAN_POINT ( 'NONE',  ( -33.79999999999998295, 0.8000000000000000444, -23.00000000000000355 ) ) ;
#2649 = CIRCLE ( 'NONE', #129, 3.499999999999999556 ) ;
#2650 = DIRECTION ( 'NONE',  ( 0.000000000000000000, 1.000000000000000000, -0.000000000000000000 ) ) ;
#2651 = VERTEX_POINT ( 'NONE', #2441 ) ;
#2652 = CYLINDRICAL_SURFACE ( 'NONE', #1962, 3.499999999999999556 ) ;
#2653 = AXIS2_PLACEMENT_3D ( 'NONE', #106, #2788, #2574 ) ;
#2654 = CARTESIAN_POINT ( 'NONE',  ( 33.79999999999997584, 7.200000000000000178, -22.20000000000000995 ) ) ;
#2655 = ORIENTED_EDGE ( 'NONE', *, *, #1179, .F. ) ;
#2656 = AXIS2_PLACEMENT_3D ( 'NONE', #1563, #2723, #1358 ) ;
#2657 = ORIENTED_EDGE ( 'NONE', *, *, #1673, .T. ) ;
#2658 = DIRECTION ( 'NONE',  ( 0.000000000000000000, 0.000000000000000000, -1.000000000000000000 ) ) ;
#2659 = EDGE_CURVE ( 'NONE', #1277, #2756, #2858, .T. ) ;
#2660 = CARTESIAN_POINT ( 'NONE',  ( 36.90423776759359242, 5.913487744281863634, 14.79999999999998828 ) ) ;
#2661 = EDGE_CURVE ( 'NONE', #896, #2754, #1289, .T. ) ;
#2662 = CIRCLE ( 'NONE', #780, 1.000000000000000888 ) ;
#2663 = ADVANCED_FACE ( 'NONE', ( #440 ), #2209, .T. ) ;
#2664 = EDGE_CURVE ( 'NONE', #1512, #1780, #1672, .T. ) ;
#2665 = EDGE_CURVE ( 'NONE', #2754, #1744, #1324, .T. ) ;
#2666 = CARTESIAN_POINT ( 'NONE',  ( 33.79999999999999716, 7.200000000000000178, -20.80000000000001137 ) ) ;
#2667 = FACE_OUTER_BOUND ( 'NONE', #485, .T. ) ;
#2668 = EDGE_CURVE ( 'NONE', #740, #2494, #2156, .T. ) ;
#2669 = CARTESIAN_POINT ( 'NONE',  ( -28.10406479538253066, 2.157095992382394911, -22.17049981829707050 ) ) ;
#2670 = CIRCLE ( 'NONE', #1820, 2.027928103885148658 ) ;
#2671 = DIRECTION ( 'NONE',  ( 0.000000000000000000, 0.000000000000000000, -1.000000000000000000 ) ) ;
#2672 = EDGE_LOOP ( 'NONE', ( #170, #2850, #2176, #115, #5, #2267, #1374, #1252, #1920, #717 ) ) ;
#2673 = VERTEX_POINT ( 'NONE', #206 ) ;
#2674 = AXIS2_PLACEMENT_3D ( 'NONE', #1162, #90, #1415 ) ;
#2675 = LINE ( 'NONE', #2461, #1187 ) ;
#2676 = CARTESIAN_POINT ( 'NONE',  ( 35.82792810388514937, 7.200000000000001066, 20.79999999999996163 ) ) ;
#2677 = CARTESIAN_POINT ( 'NONE',  ( 19.39596055175557154, 2.157359252756126722, 22.17046312081932413 ) ) ;
#2678 = VECTOR ( 'NONE', #832, 1000.000000000000000 ) ;
#2679 = CARTESIAN_POINT ( 'NONE',  ( 16.00000000000000000, 5.599999999999999645, 20.20000000000000284 ) ) ;
#2680 = AXIS2_PLACEMENT_3D ( 'NONE', #1716, #1488, #2170 ) ;
#2681 = CARTESIAN_POINT ( 'NONE',  ( -31.50000000000000000, 0.9999999999999991118, 15.00000000000000711 ) ) ;
#2682 = AXIS2_PLACEMENT_3D ( 'NONE', #1161, #2281, #732 ) ;
#2683 = EDGE_CURVE ( 'NONE', #348, #2513, #1903, .T. ) ;
#2684 = LINE ( 'NONE', #1845, #47 ) ;
#2685 = ORIENTED_EDGE ( 'NONE', *, *, #1707, .T. ) ;
#2686 = ORIENTED_EDGE ( 'NONE', *, *, #1885, .T. ) ;
#2687 = EDGE_CURVE ( 'NONE', #544, #2781, #2608, .T. ) ;
#2688 = DIRECTION ( 'NONE',  ( 0.000000000000000000, 0.000000000000000000, 1.000000000000000000 ) ) ;
#2689 = CARTESIAN_POINT ( 'NONE',  ( -33.79999999999999716, 5.599999999999999645, 20.80000000000000426 ) ) ;
#2690 = ORIENTED_EDGE ( 'NONE', *, *, #496, .T. ) ;
#2691 = FILL_AREA_STYLE ('',( #64 ) ) ;
#2692 = VECTOR ( 'NONE', #1479, 1000.000000000000000 ) ;
#2693 = CARTESIAN_POINT ( 'NONE',  ( 12.63696565583994769, 2.399999999999999467, 22.19999999999999574 ) ) ;
#2694 = DIRECTION ( 'NONE',  ( 0.000000000000000000, 1.000000000000000000, -0.000000000000000000 ) ) ;
#2695 = CARTESIAN_POINT ( 'NONE',  ( -34.77655733361328316, 1.687536854880495207, 14.72137940245662158 ) ) ;
#2696 = ORIENTED_EDGE ( 'NONE', *, *, #2752, .F. ) ;
#2697 = ORIENTED_EDGE ( 'NONE', *, *, #2049, .T. ) ;
#2698 = DIRECTION ( 'NONE',  ( 0.000000000000000000, 0.000000000000000000, 1.000000000000000000 ) ) ;
#2699 = CIRCLE ( 'NONE', #228, 1.400000000000001910 ) ;
#2700 = VERTEX_POINT ( 'NONE', #1273 ) ;
#2701 = VERTEX_POINT ( 'NONE', #1975 ) ;
#2702 = CIRCLE ( 'NONE', #2430, 3.499999999999999556 ) ;
#2703 = DIRECTION ( 'NONE',  ( 0.000000000000000000, 0.000000000000000000, -1.000000000000000000 ) ) ;
#2704 = DIRECTION ( 'NONE',  ( 0.000000000000000000, 1.000000000000000000, -0.000000000000000000 ) ) ;
#2705 = CARTESIAN_POINT ( 'NONE',  ( 33.79999999999997584, 0.8000000000000003775, -23.80000000000001492 ) ) ;
#2706 = CARTESIAN_POINT ( 'NONE',  ( 19.70418224954395825, 1.737918529625254394, -21.85997806959243306 ) ) ;
#2707 = ADVANCED_FACE ( 'NONE', ( #2174 ), #624, .T. ) ;
#2708 = VECTOR ( 'NONE', #1531, 1000.000000000000000 ) ;
#2709 = CARTESIAN_POINT ( 'NONE',  ( 16.00000000000000000, 5.599999999999999645, 18.50000000000000355 ) ) ;
#2710 = EDGE_CURVE ( 'NONE', #1352, #1450, #2428, .T. ) ;
#2711 = VERTEX_POINT ( 'NONE', #2004 ) ;
#2712 = VECTOR ( 'NONE', #2215, 1000.000000000000000 ) ;
#2713 = ORIENTED_EDGE ( 'NONE', *, *, #2097, .T. ) ;
#2714 = CARTESIAN_POINT ( 'NONE',  ( -31.50000000000000000, 4.099999999999999645, -18.50000000000001776 ) ) ;
#2715 = VERTEX_POINT ( 'NONE', #2845 ) ;
#2716 = CARTESIAN_POINT ( 'NONE',  ( 16.00000000000000000, -4.336808689942017736E-16, -14.00000000000001954 ) ) ;
#2717 = ORIENTED_EDGE ( 'NONE', *, *, #2195, .T. ) ;
#2718 = CARTESIAN_POINT ( 'NONE',  ( 16.00000000000000000, 8.801000000000000156, -18.50000000000001776 ) ) ;
#2719 = DIRECTION ( 'NONE',  ( -0.000000000000000000, -1.000000000000000000, -0.000000000000000000 ) ) ;
#2720 = FACE_OUTER_BOUND ( 'NONE', #1438, .T. ) ;
#2721 = CARTESIAN_POINT ( 'NONE',  ( -33.79999999999999716, 7.200000000000000178, 20.80000000000000426 ) ) ;
#2722 = VECTOR ( 'NONE', #215, 1000.000000000000000 ) ;
#2723 = DIRECTION ( 'NONE',  ( 0.000000000000000000, 1.000000000000000000, -0.000000000000000000 ) ) ;
#2724 = ORIENTED_EDGE ( 'NONE', *, *, #405, .T. ) ;
#2725 = ORIENTED_EDGE ( 'NONE', *, *, #1423, .F. ) ;
#2726 = AXIS2_PLACEMENT_3D ( 'NONE', #1711, #1729, #1248 ) ;
#2727 = FACE_OUTER_BOUND ( 'NONE', #1353, .T. ) ;
#2728 = EDGE_LOOP ( 'NONE', ( #2394, #1740, #441, #155 ) ) ;
#2729 = DIRECTION ( 'NONE',  ( -1.000000000000000000, 0.000000000000000000, 1.539695392878823672E-16 ) ) ;
#2730 = EDGE_LOOP ( 'NONE', ( #1464, #2074, #58, #1309, #788 ) ) ;
#2731 = DIRECTION ( 'NONE',  ( 0.000000000000000000, 0.000000000000000000, 1.000000000000000000 ) ) ;
#2732 = CARTESIAN_POINT ( 'NONE',  ( -36.90453384756089861, 5.930450154248392280, -20.80000000000000426 ) ) ;
#2733 = AXIS2_PLACEMENT_3D ( 'NONE', #1086, #2194, #2397 ) ;
#2734 = CYLINDRICAL_SURFACE ( 'NONE', #501, 3.499999999999996003 ) ;
#2735 = DIRECTION ( 'NONE',  ( 1.000000000000000000, 0.000000000000000000, 0.000000000000000000 ) ) ;
#2736 = CARTESIAN_POINT ( 'NONE',  ( -35.20000000000000284, 2.399999999999999467, 15.13696565583995834 ) ) ;
#2737 = CARTESIAN_POINT ( 'NONE',  ( -31.50000000000000000, 15.49949493661166322, -18.50000000000001776 ) ) ;
#2738 = EDGE_LOOP ( 'NONE', ( #2280, #1993, #192, #27 ) ) ;
#2739 = EDGE_LOOP ( 'NONE', ( #85, #2602, #1838, #2866 ) ) ;
#2740 = CARTESIAN_POINT ( 'NONE',  ( 33.79999999999997584, 7.200000000000000178, 22.19999999999999218 ) ) ;
#2741 = ORIENTED_EDGE ( 'NONE', *, *, #1179, .T. ) ;
#2742 = EDGE_CURVE ( 'NONE', #1034, #504, #1859, .T. ) ;
#2743 = CARTESIAN_POINT ( 'NONE',  ( 33.79999999999997584, 1.600000000000000089, -21.40000000000001279 ) ) ;
#2744 = AXIS2_PLACEMENT_3D ( 'NONE', #19, #466, #1351 ) ;
#2745 = CARTESIAN_POINT ( 'NONE',  ( 16.00000000000000000, 5.600000000000000533, -18.50000000000001776 ) ) ;
#2746 = EDGE_CURVE ( 'NONE', #2827, #2781, #2426, .T. ) ;
#2747 = PRODUCT_RELATED_PRODUCT_CATEGORY ( 'part', '', ( #1758 ) ) ;
#2748 = ADVANCED_FACE ( 'NONE', ( #449 ), #2261, .T. ) ;
#2749 = VECTOR ( 'NONE', #1336, 1000.000000000000000 ) ;
#2750 = DIRECTION ( 'NONE',  ( -0.000000000000000000, -1.000000000000000000, 0.000000000000000000 ) ) ;
#2751 = CARTESIAN_POINT ( 'NONE',  ( -35.17046312081932768, 2.157359252756128942, -15.10403944824445510 ) ) ;
#2752 = EDGE_CURVE ( 'NONE', #959, #2701, #1125, .T. ) ;
#2753 = DIRECTION ( 'NONE',  ( 1.000000000000000000, 0.000000000000000000, 0.000000000000000000 ) ) ;
#2754 = VERTEX_POINT ( 'NONE', #2273 ) ;
#2755 = ORIENTED_EDGE ( 'NONE', *, *, #458, .T. ) ;
#2756 = VERTEX_POINT ( 'NONE', #1165 ) ;
#2757 = LINE ( 'NONE', #2098, #761 ) ;
#2758 = LINE ( 'NONE', #744, #1477 ) ;
#2759 = DIRECTION ( 'NONE',  ( 0.000000000000000000, 0.000000000000000000, -1.000000000000000000 ) ) ;
#2760 = VECTOR ( 'NONE', #335, 1000.000000000000000 ) ;
#2761 = DIRECTION ( 'NONE',  ( 0.000000000000000000, -1.000000000000000000, 0.000000000000000000 ) ) ;
#2762 = FACE_OUTER_BOUND ( 'NONE', #2427, .T. ) ;
#2763 = TOROIDAL_SURFACE ( 'NONE', #1502, 0.6000000000000008660, 0.8000000000000000444 ) ;
#2764 = ORIENTED_EDGE ( 'NONE', *, *, #2231, .F. ) ;
#2765 = EDGE_CURVE ( 'NONE', #2815, #896, #2684, .T. ) ;
#2766 = ORIENTED_EDGE ( 'NONE', *, *, #1182, .T. ) ;
#2767 = ORIENTED_EDGE ( 'NONE', *, *, #2195, .F. ) ;
#2768 = ORIENTED_EDGE ( 'NONE', *, *, #2237, .T. ) ;
#2769 = EDGE_CURVE ( 'NONE', #2142, #1352, #1151, .T. ) ;
#2770 = DIRECTION ( 'NONE',  ( 0.000000000000000000, 1.000000000000000000, -0.000000000000000000 ) ) ;
#2771 = CARTESIAN_POINT ( 'NONE',  ( -35.20000000000000284, 5.600000000000000533, -15.13696565583996900 ) ) ;
#2772 = DIRECTION ( 'NONE',  ( 0.000000000000000000, -1.000000000000000000, 0.000000000000000000 ) ) ;
#2773 = EDGE_CURVE ( 'NONE', #1495, #2096, #1301, .T. ) ;
#2774 = CARTESIAN_POINT ( 'NONE',  ( -36.00000000000000000, 0.000000000000000000, 18.50000000000000711 ) ) ;
#2775 = CARTESIAN_POINT ( 'NONE',  ( 33.79999999999997584, 0.8000000000000003775, 23.79999999999999005 ) ) ;
#2776 = CARTESIAN_POINT ( 'NONE',  ( 16.00000000000000000, 5.600000000000000533, 18.50000000000000355 ) ) ;
#2777 = PRODUCT_DEFINITION_SHAPE ( 'NONE', 'NONE',  #1927 ) ;
#2778 = DIRECTION ( 'NONE',  ( 0.000000000000000000, 0.000000000000000000, -1.000000000000000000 ) ) ;
#2779 = CARTESIAN_POINT ( 'NONE',  ( 0.000000000000000000, 0.000000000000000000, 0.000000000000000000 ) ) ;
#2780 = FACE_OUTER_BOUND ( 'NONE', #71, .T. ) ;
#2781 = VERTEX_POINT ( 'NONE', #725 ) ;
#2782 = CARTESIAN_POINT ( 'NONE',  ( -31.50000000000000000, 0.9999999999999991118, -18.50000000000001776 ) ) ;
#2783 = EDGE_CURVE ( 'NONE', #1818, #914, #1385, .T. ) ;
#2784 = ORIENTED_EDGE ( 'NONE', *, *, #789, .T. ) ;
#2785 = VECTOR ( 'NONE', #1163, 1000.000000000000227 ) ;
#2786 = DIRECTION ( 'NONE',  ( 0.000000000000000000, -0.9998476951563911586, 0.01745240643728354635 ) ) ;
#2787 = LINE ( 'NONE', #164, #893 ) ;
#2788 = DIRECTION ( 'NONE',  ( 0.000000000000000000, -1.000000000000000000, 0.000000000000000000 ) ) ;
#2789 = CARTESIAN_POINT ( 'NONE',  ( -31.50000000000000000, 4.099999999999999645, 20.20000000000000639 ) ) ;
#2790 = DIRECTION ( 'NONE',  ( -0.000000000000000000, -1.000000000000000000, 0.000000000000000000 ) ) ;
#2791 = AXIS2_PLACEMENT_3D ( 'NONE', #933, #2073, #285 ) ;
#2792 = VECTOR ( 'NONE', #2221, 1000.000000000000000 ) ;
#2793 = DIRECTION ( 'NONE',  ( 0.000000000000000000, 0.000000000000000000, -1.000000000000000000 ) ) ;
#2794 =( NAMED_UNIT ( * ) PLANE_ANGLE_UNIT ( ) SI_UNIT ( $, .RADIAN. ) );
#2795 = EDGE_LOOP ( 'NONE', ( #272, #1476, #2741 ) ) ;
#2796 = VECTOR ( 'NONE', #2729, 1000.000000000000000 ) ;
#2797 = EDGE_LOOP ( 'NONE', ( #175, #409, #686, #63 ) ) ;
#2798 = CARTESIAN_POINT ( 'NONE',  ( -33.79999999999999716, 7.200000000000000178, 20.80000000000000426 ) ) ;
#2799 = EDGE_CURVE ( 'NONE', #20, #959, #907, .T. ) ;
#2800 = VERTEX_POINT ( 'NONE', #2288 ) ;
#2801 = ORIENTED_EDGE ( 'NONE', *, *, #789, .F. ) ;
#2802 = DIRECTION ( 'NONE',  ( 0.000000000000000000, -0.000000000000000000, -1.000000000000000000 ) ) ;
#2803 = CIRCLE ( 'NONE', #12, 4.999999999999997335 ) ;
#2804 = CARTESIAN_POINT ( 'NONE',  ( -34.39999999999999858, 1.600000000000000755, -14.42691762911675646 ) ) ;
#2805 = CIRCLE ( 'NONE', #755, 4.500000000000000888 ) ;
#2806 = DIRECTION ( 'NONE',  ( 0.000000000000000000, -2.911510664007554642E-18, -1.000000000000000000 ) ) ;
#2807 = DIRECTION ( 'NONE',  ( 0.000000000000000000, 0.000000000000000000, -1.000000000000000000 ) ) ;
#2808 = DIRECTION ( 'NONE',  ( 0.000000000000000000, 1.000000000000000000, -0.000000000000000000 ) ) ;
#2809 = EDGE_LOOP ( 'NONE', ( #1392, #921, #600, #822, #2418, #621, #354, #2192, #1420, #948 ) ) ;
#2810 = AXIS2_PLACEMENT_3D ( 'NONE', #2745, #251, #2088 ) ;
#2811 = APPLICATION_CONTEXT ( 'automotive_design' ) ;
#2812 = FACE_OUTER_BOUND ( 'NONE', #646, .T. ) ;
#2813 = EDGE_LOOP ( 'NONE', ( #1142, #412, #2375, #2132 ) ) ;
#2814 = CARTESIAN_POINT ( 'NONE',  ( -31.50000000000000000, 5.599999999999999645, 18.50000000000000711 ) ) ;
#2815 = VERTEX_POINT ( 'NONE', #1137 ) ;
#2816 = CARTESIAN_POINT ( 'NONE',  ( 16.00000000000000000, 15.49949493661166322, -15.00000000000001954 ) ) ;
#2817 = VECTOR ( 'NONE', #356, 1000.000000000000000 ) ;
#2818 = EDGE_LOOP ( 'NONE', ( #2331, #531, #611, #1410 ) ) ;
#2819 = DIRECTION ( 'NONE',  ( -0.000000000000000000, -1.000000000000000000, -0.000000000000000000 ) ) ;
#2820 = DIRECTION ( 'NONE',  ( 0.000000000000000000, 0.000000000000000000, -1.000000000000000000 ) ) ;
#2821 = FACE_OUTER_BOUND ( 'NONE', #1465, .T. ) ;
#2822 = CARTESIAN_POINT ( 'NONE',  ( 36.00000000000000000, 0.000000000000000000, -20.80000000000000071 ) ) ;
#2823 = DIRECTION ( 'NONE',  ( 0.000000000000000000, 0.000000000000000000, -1.000000000000000000 ) ) ;
#2824 = DIRECTION ( 'NONE',  ( -0.000000000000000000, -0.000000000000000000, -1.000000000000000000 ) ) ;
#2825 = EDGE_LOOP ( 'NONE', ( #376, #2597, #1919, #1849 ) ) ;
#2826 = CARTESIAN_POINT ( 'NONE',  ( -36.00000000000000000, 0.000000000000000000, -20.79999999999998295 ) ) ;
#2827 = VERTEX_POINT ( 'NONE', #1789 ) ;
#2828 = AXIS2_PLACEMENT_3D ( 'NONE', #1115, #899, #678 ) ;
#2829 = LINE ( 'NONE', #2654, #459 ) ;
#2830 = ORIENTED_EDGE ( 'NONE', *, *, #463, .T. ) ;
#2831 = EDGE_LOOP ( 'NONE', ( #2220, #2046 ) ) ;
#2832 = DIRECTION ( 'NONE',  ( -0.01745240643728354982, -0.9998476951563911586, 0.000000000000000000 ) ) ;
#2833 = EDGE_CURVE ( 'NONE', #963, #20, #271, .T. ) ;
#2834 = CARTESIAN_POINT ( 'NONE',  ( -35.19999999999999574, 8.800000000000000711, 14.79999999999998828 ) ) ;
#2835 = EDGE_CURVE ( 'NONE', #1436, #113, #421, .T. ) ;
#2836 = DIRECTION ( 'NONE',  ( -0.000000000000000000, -0.000000000000000000, -1.000000000000000000 ) ) ;
#2837 = CARTESIAN_POINT ( 'NONE',  ( 36.79999999999999716, 7.200000000000000178, -20.79999999999999361 ) ) ;
#2838 = DIRECTION ( 'NONE',  ( -1.667495291001304242E-16, -2.910623857192612762E-18, 1.000000000000000000 ) ) ;
#2839 = CARTESIAN_POINT ( 'NONE',  ( -33.79999999999997584, 0.000000000000000000, 23.00000000000000355 ) ) ;
#2840 = EDGE_CURVE ( 'NONE', #1926, #2186, #471, .T. ) ;
#2841 = DIRECTION ( 'NONE',  ( 1.000000000000000000, 0.000000000000000000, -1.539695392878823672E-16 ) ) ;
#2842 = AXIS2_PLACEMENT_3D ( 'NONE', #2864, #679, #2471 ) ;
#2843 = VERTEX_POINT ( 'NONE', #57 ) ;
#2844 = CARTESIAN_POINT ( 'NONE',  ( 19.36303434416005231, 21.34213562373095741, -22.20000000000000639 ) ) ;
#2845 = CARTESIAN_POINT ( 'NONE',  ( 35.20000000000000995, 7.189039474176432520, -20.79999999999999716 ) ) ;
#2846 = ORIENTED_EDGE ( 'NONE', *, *, #2049, .F. ) ;
#2847 = EDGE_LOOP ( 'NONE', ( #1407, #591, #387, #1348 ) ) ;
#2848 = DIRECTION ( 'NONE',  ( 0.000000000000000000, 1.000000000000000000, -0.000000000000000000 ) ) ;
#2849 = DIRECTION ( 'NONE',  ( 0.000000000000000000, 0.000000000000000000, -1.000000000000000000 ) ) ;
#2850 = ORIENTED_EDGE ( 'NONE', *, *, #2625, .T. ) ;
#2851 = TOROIDAL_SURFACE ( 'NONE', #1583, 4.500000000000000000, 1.000000000000000000 ) ;
#2852 = CARTESIAN_POINT ( 'NONE',  ( -33.79999999999998295, 0.8000000000000003775, 23.00000000000000355 ) ) ;
#2853 = DIRECTION ( 'NONE',  ( -0.000000000000000000, -1.000000000000000000, -0.000000000000000000 ) ) ;
#2854 = ORIENTED_EDGE ( 'NONE', *, *, #1098, .T. ) ;
#2855 = DIRECTION ( 'NONE',  ( 0.000000000000000000, 0.000000000000000000, 1.000000000000000000 ) ) ;
#2856 = CARTESIAN_POINT ( 'NONE',  ( 12.63696565583994769, 2.399999999999999467, 22.19999999999999574 ) ) ;
#2857 = ORIENTED_EDGE ( 'NONE', *, *, #2458, .T. ) ;
#2858 = LINE ( 'NONE', #156, #269 ) ;
#2859 = EDGE_LOOP ( 'NONE', ( #1003, #532, #1778, #1628 ) ) ;
#2860 = EDGE_CURVE ( 'NONE', #2711, #2320, #729, .T. ) ;
#2861 = EDGE_LOOP ( 'NONE', ( #2655, #1171, #1803, #2713, #2124 ) ) ;
#2862 = VECTOR ( 'NONE', #116, 1000.000000000000000 ) ;
#2863 = LINE ( 'NONE', #2213, #172 ) ;
#2864 = CARTESIAN_POINT ( 'NONE',  ( 33.79999999999999716, 7.200000000000000178, 20.79999999999999361 ) ) ;
#2865 = CIRCLE ( 'NONE', #1456, 1.000000000000000888 ) ;
#2866 = ORIENTED_EDGE ( 'NONE', *, *, #1102, .F. ) ;
#2867 = PLANE ( 'NONE',  #397 ) ;
#2868 = CARTESIAN_POINT ( 'NONE',  ( -31.50000000000000000, 15.49949493661166322, 18.50000000000000711 ) ) ;
#2869 = CARTESIAN_POINT ( 'NONE',  ( -35.82822418385246976, 7.183037590033473307, -14.79999999999997407 ) ) ;
#2870 = EDGE_CURVE ( 'NONE', #1007, #2264, #461, .T. ) ;
#2871 = DIRECTION ( 'NONE',  ( 0.000000000000000000, 0.000000000000000000, -1.000000000000000000 ) ) ;
#2872 = ORIENTED_EDGE ( 'NONE', *, *, #1184, .F. ) ;
#2873 = CARTESIAN_POINT ( 'NONE',  ( 36.90423776759359242, 5.913487744281863634, -14.79999999999997407 ) ) ;
#2874 = EDGE_CURVE ( 'NONE', #291, #1292, #1604, .T. ) ;
#2875 = DIRECTION ( 'NONE',  ( 0.000000000000000000, 1.000000000000000000, 0.000000000000000000 ) ) ;
#2876 = ORIENTED_EDGE ( 'NONE', *, *, #1098, .F. ) ;
#2877 = EDGE_CURVE ( 'NONE', #2843, #607, #1770, .T. ) ;
#2878 = EDGE_CURVE ( 'NONE', #1584, #959, #877, .T. ) ;
#2879 = EDGE_CURVE ( 'NONE', #1640, #1906, #1622, .T. ) ;
#2880 = ORIENTED_EDGE ( 'NONE', *, *, #402, .F. ) ;
#2881 = AXIS2_PLACEMENT_3D ( 'NONE', #2714, #1832, #1792 ) ;
#2882 = CYLINDRICAL_SURFACE ( 'NONE', #2314, 3.499999999999999556 ) ;
#2883 = DIRECTION ( 'NONE',  ( 0.000000000000000000, 0.000000000000000000, -1.000000000000000000 ) ) ;
#2884 = EDGE_CURVE ( 'NONE', #866, #2482, #1433, .T. ) ;
#2885 = LINE ( 'NONE', #630, #561 ) ;
#2886 = CARTESIAN_POINT ( 'NONE',  ( -35.82822418385246976, 7.183037590033473307, 14.79999999999998828 ) ) ;
#2887 = FACE_OUTER_BOUND ( 'NONE', #1365, .T. ) ;
#2888 = CARTESIAN_POINT ( 'NONE',  ( -33.79999999999999005, 8.800000000000000711, -22.80000000000000782 ) ) ;
#2889 = AXIS2_PLACEMENT_3D ( 'NONE', #2490, #482, #2520 ) ;
#2890 = ORIENTED_EDGE ( 'NONE', *, *, #2408, .F. ) ;
#2891 = NEXT_ASSEMBLY_USAGE_OCCURRENCE ( 'NAUO1', ' ', ' ', #1927, #887, $ ) ;
ENDSEC;
END-ISO-10303-21;
